100001,A,nan,nan,nan,nan
100002,A,nan,nan,nan,nan
100003,A,nan,nan,nan,nan
100004,A,nan,nan,nan,nan
100005,A,nan,nan,nan,nan
100006,A,nan,nan,nan,nan
100007,A,nan,nan,nan,nan
100008,A,nan,nan,nan,nan
100009,A,nan,nan,nan,nan
100010,A,nan,nan,nan,nan
100011,A,nan,nan,nan,nan
100012,A,nan,nan,nan,nan
100013,A,nan,nan,nan,nan
100014,A,nan,nan,nan,nan
100015,A,nan,nan,nan,nan
100016,A,nan,nan,nan,nan
100017,A,nan,nan,nan,nan
100018,A,nan,nan,nan,nan
100019,A,nan,nan,nan,nan
100020,A,nan,nan,nan,nan
100021,A,nan,nan,nan,nan
100022,A,nan,nan,nan,nan
100023,A,nan,nan,nan,nan
100024,A,nan,nan,nan,nan
100025,A,nan,nan,nan,nan
100026,A,nan,nan,nan,nan
100027,A,nan,nan,nan,nan
100028,A,nan,nan,nan,nan
100029,A,nan,nan,nan,nan
100030,A,nan,nan,nan,nan
100031,A,nan,nan,nan,nan
100032,A,nan,nan,nan,nan
100033,A,nan,nan,nan,nan
100034,A,nan,nan,nan,nan
100035,A,nan,nan,nan,nan
100036,A,nan,nan,nan,nan
100037,A,nan,nan,nan,nan
100038,A,nan,nan,nan,nan
100039,A,nan,nan,nan,nan
100040,A,nan,nan,nan,nan
100041,A,nan,nan,nan,nan
100042,A,nan,nan,nan,nan
100043,A,nan,nan,nan,nan
100044,A,nan,nan,nan,nan
100045,A,nan,nan,nan,nan
100046,A,nan,nan,nan,nan
100047,A,nan,nan,nan,nan
100048,A,nan,nan,nan,nan
100049,A,nan,nan,nan,nan
100050,A,nan,nan,nan,nan
100051,A,nan,nan,nan,nan
100052,A,nan,nan,nan,nan
100053,A,nan,nan,nan,nan
100054,A,nan,nan,nan,nan
100055,A,nan,nan,nan,nan
100056,A,nan,nan,nan,nan
100057,A,nan,nan,nan,nan
100058,A,nan,nan,nan,nan
100059,A,nan,nan,nan,nan
100060,A,nan,nan,nan,nan
100061,A,nan,nan,nan,nan
100062,A,nan,nan,nan,nan
100063,A,nan,nan,nan,nan
100064,A,nan,nan,nan,nan
100065,A,nan,nan,nan,nan
100066,A,nan,nan,nan,nan
100067,A,nan,nan,nan,nan
100068,A,nan,nan,nan,nan
100069,A,nan,nan,nan,nan
100070,A,nan,nan,nan,nan
100071,A,nan,nan,nan,nan
100072,A,nan,nan,nan,nan
100073,A,nan,nan,nan,nan
100074,A,nan,nan,nan,nan
100075,A,nan,nan,nan,nan
100076,A,nan,nan,nan,nan
100077,A,nan,nan,nan,nan
100078,A,nan,nan,nan,nan
100079,A,nan,nan,nan,nan
100080,A,nan,nan,nan,nan
100081,A,nan,nan,nan,nan
100082,A,nan,nan,nan,nan
100083,A,nan,nan,nan,nan
100084,A,nan,nan,nan,nan
100085,A,nan,nan,nan,nan
100086,A,nan,nan,nan,nan
100087,A,nan,nan,nan,nan
100088,A,nan,nan,nan,nan
100089,A,nan,nan,nan,nan
100090,A,nan,nan,nan,nan
100091,A,nan,nan,nan,nan
100092,A,nan,nan,nan,nan
100093,A,nan,nan,nan,nan
100094,A,nan,nan,nan,nan
100095,A,nan,nan,nan,nan
100096,A,nan,nan,nan,nan
100097,A,nan,nan,nan,nan
100098,A,nan,nan,nan,nan
100099,A,nan,nan,nan,nan
100100,A,nan,nan,nan,nan
100101,A,nan,nan,nan,nan
100102,A,nan,nan,nan,nan
100103,A,nan,nan,nan,nan
100104,A,nan,nan,nan,nan
100105,A,nan,nan,nan,nan
100106,A,nan,nan,nan,nan
100107,A,nan,nan,nan,nan
100108,A,nan,nan,nan,nan
100109,A,nan,nan,nan,nan
100110,A,nan,nan,nan,nan
100111,A,nan,nan,nan,nan
100112,A,nan,nan,nan,nan
100113,A,nan,nan,nan,nan
100114,A,nan,nan,nan,nan
100115,A,nan,nan,nan,nan
100116,A,nan,nan,nan,nan
100117,A,nan,nan,nan,nan
100118,A,nan,nan,nan,nan
100119,A,nan,nan,nan,nan
100120,A,nan,nan,nan,nan
100121,A,nan,nan,nan,nan
100122,A,nan,nan,nan,nan
100123,A,nan,nan,nan,nan
100124,A,nan,nan,nan,nan
100125,A,nan,nan,nan,nan
100126,A,nan,nan,nan,nan
100127,A,nan,nan,nan,nan
100128,A,nan,nan,nan,nan
100129,A,nan,nan,nan,nan
100130,A,nan,nan,nan,nan
100131,A,nan,nan,nan,nan
100132,A,nan,nan,nan,nan
100133,A,nan,nan,nan,nan
100134,A,nan,nan,nan,nan
100135,A,nan,nan,nan,nan
100136,A,nan,nan,nan,nan
100137,A,nan,nan,nan,nan
100138,A,nan,nan,nan,nan
100139,A,nan,nan,nan,nan
100140,A,nan,nan,nan,nan
100141,A,nan,nan,nan,nan
100142,A,nan,nan,nan,nan
100143,A,nan,nan,nan,nan
100144,A,nan,nan,nan,nan
100145,A,nan,nan,nan,nan
100146,A,nan,nan,nan,nan
100147,A,nan,nan,nan,nan
100148,A,nan,nan,nan,nan
100149,A,nan,nan,nan,nan
100150,A,nan,nan,nan,nan
100151,A,nan,nan,nan,nan
100152,A,nan,nan,nan,nan
100153,A,nan,nan,nan,nan
100154,A,nan,nan,nan,nan
100155,A,nan,nan,nan,nan
100156,A,nan,nan,nan,nan
100157,A,nan,nan,nan,nan
100158,A,nan,nan,nan,nan
100159,A,nan,nan,nan,nan
100160,A,nan,nan,nan,nan
100161,A,nan,nan,nan,nan
100162,A,nan,nan,nan,nan
100163,A,nan,nan,nan,nan
100164,A,nan,nan,nan,nan
100165,A,nan,nan,nan,nan
100166,A,nan,nan,nan,nan
100167,A,nan,nan,nan,nan
100168,A,nan,nan,nan,nan
100169,A,nan,nan,nan,nan
100170,A,nan,nan,nan,nan
100171,A,nan,nan,nan,nan
100172,A,nan,nan,nan,nan
100173,A,nan,nan,nan,nan
100174,A,nan,nan,nan,nan
100175,A,nan,nan,nan,nan
100176,A,nan,nan,nan,nan
100177,A,nan,nan,nan,nan
100178,A,nan,nan,nan,nan
100179,A,nan,nan,nan,nan
100180,A,nan,nan,nan,nan
100181,A,nan,nan,nan,nan
100182,A,nan,nan,nan,nan
100183,A,nan,nan,nan,nan
100184,A,nan,nan,nan,nan
100185,A,nan,nan,nan,nan
100186,A,nan,nan,nan,nan
100187,A,nan,nan,nan,nan
100188,A,nan,nan,nan,nan
100189,A,nan,nan,nan,nan
100190,A,nan,nan,nan,nan
100191,A,nan,nan,nan,nan
100192,A,nan,nan,nan,nan
100193,A,nan,nan,nan,nan
100194,A,nan,nan,nan,nan
100195,A,nan,nan,nan,nan
100196,A,nan,nan,nan,nan
100197,A,nan,nan,nan,nan
100198,A,nan,nan,nan,nan
100199,A,nan,nan,nan,nan
100200,A,nan,nan,nan,nan
100201,A,nan,nan,nan,nan
100202,A,nan,nan,nan,nan
100203,A,nan,nan,nan,nan
100204,A,nan,nan,nan,nan
100205,A,nan,nan,nan,nan
100206,A,nan,nan,nan,nan
100207,A,nan,nan,nan,nan
100208,A,nan,nan,nan,nan
100209,A,nan,nan,nan,nan
100210,A,nan,nan,nan,nan
100211,A,nan,nan,nan,nan
100212,A,nan,nan,nan,nan
100213,A,nan,nan,nan,nan
100214,A,nan,nan,nan,nan
100215,A,nan,nan,nan,nan
100216,A,nan,nan,nan,nan
100217,A,nan,nan,nan,nan
100218,A,nan,nan,nan,nan
100219,A,nan,nan,nan,nan
100220,A,nan,nan,nan,nan
100221,A,nan,nan,nan,nan
100222,A,nan,nan,nan,nan
100223,A,nan,nan,nan,nan
100224,A,nan,nan,nan,nan
100225,A,nan,nan,nan,nan
100226,A,nan,nan,nan,nan
100227,A,nan,nan,nan,nan
100228,A,nan,nan,nan,nan
100229,A,nan,nan,nan,nan
100230,A,nan,nan,nan,nan
100231,A,nan,nan,nan,nan
100232,A,nan,nan,nan,nan
100233,A,nan,nan,nan,nan
100234,A,nan,nan,nan,nan
100235,A,nan,nan,nan,nan
100236,A,nan,nan,nan,nan
100237,A,nan,nan,nan,nan
100238,A,nan,nan,nan,nan
100239,A,nan,nan,nan,nan
100240,A,nan,nan,nan,nan
100241,A,nan,nan,nan,nan
100242,A,nan,nan,nan,nan
100243,A,nan,nan,nan,nan
100244,A,nan,nan,nan,nan
100245,A,nan,nan,nan,nan
100246,A,nan,nan,nan,nan
100247,A,nan,nan,nan,nan
100248,A,nan,nan,nan,nan
100249,A,nan,nan,nan,nan
100250,A,nan,nan,nan,nan
100251,A,nan,nan,nan,nan
100252,A,nan,nan,nan,nan
100253,A,nan,nan,nan,nan
100254,A,nan,nan,nan,nan
100255,A,nan,nan,nan,nan
100256,A,nan,nan,nan,nan
100257,A,nan,nan,nan,nan
100258,A,nan,nan,nan,nan
100259,A,nan,nan,nan,nan
100260,A,nan,nan,nan,nan
100261,A,nan,nan,nan,nan
100262,A,nan,nan,nan,nan
100263,A,nan,nan,nan,nan
100264,A,nan,nan,nan,nan
100265,A,nan,nan,nan,nan
100266,A,nan,nan,nan,nan
100267,A,nan,nan,nan,nan
100268,A,nan,nan,nan,nan
100269,A,nan,nan,nan,nan
100270,A,nan,nan,nan,nan
100271,A,nan,nan,nan,nan
100272,A,nan,nan,nan,nan
100273,A,nan,nan,nan,nan
100274,A,nan,nan,nan,nan
100275,A,nan,nan,nan,nan
100276,A,nan,nan,nan,nan
100277,A,nan,nan,nan,nan
100278,A,nan,nan,nan,nan
100279,A,nan,nan,nan,nan
100280,A,nan,nan,nan,nan
100281,A,nan,nan,nan,nan
100282,A,nan,nan,nan,nan
100283,A,nan,nan,nan,nan
100284,A,nan,nan,nan,nan
100285,A,nan,nan,nan,nan
100286,A,nan,nan,nan,nan
100287,A,nan,nan,nan,nan
100288,A,nan,nan,nan,nan
100289,A,nan,nan,nan,nan
100290,A,nan,nan,nan,nan
100291,A,nan,nan,nan,nan
100292,A,nan,nan,nan,nan
100293,A,nan,nan,nan,nan
100294,A,nan,nan,nan,nan
100295,A,nan,nan,nan,nan
100296,A,nan,nan,nan,nan
100297,A,nan,nan,nan,nan
100298,A,nan,nan,nan,nan
100299,A,nan,nan,nan,nan
100300,A,nan,nan,nan,nan
100301,A,nan,nan,nan,nan
100302,A,nan,nan,nan,nan
100303,A,nan,nan,nan,nan
100304,A,nan,nan,nan,nan
100305,A,nan,nan,nan,nan
100306,A,nan,nan,nan,nan
100307,A,nan,nan,nan,nan
100308,A,nan,nan,nan,nan
100309,A,nan,nan,nan,nan
100310,A,nan,nan,nan,nan
100311,A,nan,nan,nan,nan
100312,A,nan,nan,nan,nan
100313,A,nan,nan,nan,nan
100314,A,nan,nan,nan,nan
100315,A,nan,nan,nan,nan
100316,A,nan,nan,nan,nan
100317,A,nan,nan,nan,nan
100318,A,nan,nan,nan,nan
100319,A,nan,nan,nan,nan
100320,A,nan,nan,nan,nan
100321,A,nan,nan,nan,nan
100322,A,nan,nan,nan,nan
100323,A,nan,nan,nan,nan
100324,A,nan,nan,nan,nan
100325,A,nan,nan,nan,nan
100326,A,nan,nan,nan,nan
100327,A,nan,nan,nan,nan
100328,A,nan,nan,nan,nan
100329,A,nan,nan,nan,nan
100330,A,nan,nan,nan,nan
100331,A,nan,nan,nan,nan
100332,A,nan,nan,nan,nan
100333,A,nan,nan,nan,nan
100334,A,nan,nan,nan,nan
100335,A,nan,nan,nan,nan
100336,A,nan,nan,nan,nan
100337,A,nan,nan,nan,nan
100338,A,nan,nan,nan,nan
100339,A,nan,nan,nan,nan
100340,A,nan,nan,nan,nan
100341,A,nan,nan,nan,nan
100342,A,nan,nan,nan,nan
100343,A,nan,nan,nan,nan
100344,A,nan,nan,nan,nan
100345,A,nan,nan,nan,nan
100346,A,nan,nan,nan,nan
100347,A,nan,nan,nan,nan
100348,A,nan,nan,nan,nan
100349,A,nan,nan,nan,nan
100350,A,nan,nan,nan,nan
100351,A,nan,nan,nan,nan
100352,A,nan,nan,nan,nan
100353,A,nan,nan,nan,nan
100354,A,nan,nan,nan,nan
100355,A,nan,nan,nan,nan
100356,A,nan,nan,nan,nan
100357,A,nan,nan,nan,nan
100358,A,nan,nan,nan,nan
100359,A,nan,nan,nan,nan
100360,A,nan,nan,nan,nan
100361,A,nan,nan,nan,nan
100362,A,nan,nan,nan,nan
100363,A,nan,nan,nan,nan
100364,A,nan,nan,nan,nan
100365,A,nan,nan,nan,nan
100366,A,nan,nan,nan,nan
100367,A,nan,nan,nan,nan
100368,A,nan,nan,nan,nan
100369,A,nan,nan,nan,nan
100370,A,nan,nan,nan,nan
100371,A,nan,nan,nan,nan
100372,A,nan,nan,nan,nan
100373,A,nan,nan,nan,nan
100374,A,nan,nan,nan,nan
100375,A,nan,nan,nan,nan
100376,A,nan,nan,nan,nan
100377,A,nan,nan,nan,nan
100378,A,nan,nan,nan,nan
100379,A,nan,nan,nan,nan
100380,A,nan,nan,nan,nan
100381,A,nan,nan,nan,nan
100382,A,nan,nan,nan,nan
100383,A,nan,nan,nan,nan
100384,A,nan,nan,nan,nan
100385,A,nan,nan,nan,nan
100386,A,nan,nan,nan,nan
100387,A,nan,nan,nan,nan
100388,A,nan,nan,nan,nan
100389,A,nan,nan,nan,nan
100390,A,nan,nan,nan,nan
100391,A,nan,nan,nan,nan
100392,A,nan,nan,nan,nan
100393,A,nan,nan,nan,nan
100394,A,nan,nan,nan,nan
100395,A,nan,nan,nan,nan
100396,A,nan,nan,nan,nan
100397,A,nan,nan,nan,nan
100398,A,nan,nan,nan,nan
100399,A,nan,nan,nan,nan
100400,A,nan,nan,nan,nan
100401,A,nan,nan,nan,nan
100402,A,nan,nan,nan,nan
100403,A,nan,nan,nan,nan
100404,A,nan,nan,nan,nan
100405,A,nan,nan,nan,nan
100406,A,nan,nan,nan,nan
100407,A,nan,nan,nan,nan
100408,A,nan,nan,nan,nan
100409,A,nan,nan,nan,nan
100410,A,nan,nan,nan,nan
100411,A,nan,nan,nan,nan
100412,A,nan,nan,nan,nan
100413,A,nan,nan,nan,nan
100414,A,nan,nan,nan,nan
100415,A,nan,nan,nan,nan
100416,A,nan,nan,nan,nan
100417,A,nan,nan,nan,nan
100418,A,nan,nan,nan,nan
100419,A,nan,nan,nan,nan
100420,A,nan,nan,nan,nan
100421,A,nan,nan,nan,nan
100422,A,nan,nan,nan,nan
100423,A,nan,nan,nan,nan
100424,A,nan,nan,nan,nan
100425,A,nan,nan,nan,nan
100426,A,nan,nan,nan,nan
100427,A,nan,nan,nan,nan
100428,A,nan,nan,nan,nan
100429,A,nan,nan,nan,nan
100430,A,nan,nan,nan,nan
100431,A,nan,nan,nan,nan
100432,A,nan,nan,nan,nan
100433,A,nan,nan,nan,nan
100434,A,nan,nan,nan,nan
100435,A,nan,nan,nan,nan
100436,A,nan,nan,nan,nan
100437,A,nan,nan,nan,nan
100438,A,nan,nan,nan,nan
100439,A,nan,nan,nan,nan
100440,A,nan,nan,nan,nan
100441,A,nan,nan,nan,nan
100442,A,nan,nan,nan,nan
100443,A,nan,nan,nan,nan
100444,A,nan,nan,nan,nan
100445,A,nan,nan,nan,nan
100446,A,nan,nan,nan,nan
100447,A,nan,nan,nan,nan
100448,A,nan,nan,nan,nan
100449,A,nan,nan,nan,nan
100450,A,nan,nan,nan,nan
100451,A,nan,nan,nan,nan
100452,A,nan,nan,nan,nan
100453,A,nan,nan,nan,nan
100454,A,nan,nan,nan,nan
100455,A,nan,nan,nan,nan
100456,A,nan,nan,nan,nan
100457,A,nan,nan,nan,nan
100458,A,nan,nan,nan,nan
100459,A,nan,nan,nan,nan
100460,A,nan,nan,nan,nan
100461,A,nan,nan,nan,nan
100462,A,nan,nan,nan,nan
100463,A,nan,nan,nan,nan
100464,A,nan,nan,nan,nan
100465,A,nan,nan,nan,nan
100466,A,nan,nan,nan,nan
100467,A,nan,nan,nan,nan
100468,A,nan,nan,nan,nan
100469,A,nan,nan,nan,nan
100470,A,nan,nan,nan,nan
100471,A,nan,nan,nan,nan
100472,A,nan,nan,nan,nan
100473,A,nan,nan,nan,nan
100474,A,nan,nan,nan,nan
100475,A,nan,nan,nan,nan
100476,A,nan,nan,nan,nan
100477,A,nan,nan,nan,nan
100478,A,nan,nan,nan,nan
100479,A,nan,nan,nan,nan
100480,A,nan,nan,nan,nan
100481,A,nan,nan,nan,nan
100482,A,nan,nan,nan,nan
100483,A,nan,nan,nan,nan
100484,A,nan,nan,nan,nan
100485,A,nan,nan,nan,nan
100486,A,nan,nan,nan,nan
100487,A,nan,nan,nan,nan
100488,A,nan,nan,nan,nan
100489,A,nan,nan,nan,nan
100490,A,nan,nan,nan,nan
100491,A,nan,nan,nan,nan
100492,A,nan,nan,nan,nan
100493,A,nan,nan,nan,nan
100494,A,nan,nan,nan,nan
100495,A,nan,nan,nan,nan
100496,A,nan,nan,nan,nan
100497,A,nan,nan,nan,nan
100498,A,nan,nan,nan,nan
100499,A,nan,nan,nan,nan
100500,A,nan,nan,nan,nan
100501,A,nan,nan,nan,nan
100502,A,nan,nan,nan,nan
100503,A,nan,nan,nan,nan
100504,A,nan,nan,nan,nan
100505,A,nan,nan,nan,nan
100506,A,nan,nan,nan,nan
100507,A,nan,nan,nan,nan
100508,A,nan,nan,nan,nan
100509,A,nan,nan,nan,nan
100510,A,nan,nan,nan,nan
100511,A,nan,nan,nan,nan
100512,A,nan,nan,nan,nan
100513,A,nan,nan,nan,nan
100514,A,nan,nan,nan,nan
100515,A,nan,nan,nan,nan
100516,A,nan,nan,nan,nan
100517,A,nan,nan,nan,nan
100518,A,nan,nan,nan,nan
100519,A,nan,nan,nan,nan
100520,A,nan,nan,nan,nan
100521,A,nan,nan,nan,nan
100522,A,nan,nan,nan,nan
100523,A,nan,nan,nan,nan
100524,A,nan,nan,nan,nan
100525,A,nan,nan,nan,nan
100526,A,nan,nan,nan,nan
100527,A,nan,nan,nan,nan
100528,A,nan,nan,nan,nan
100529,A,nan,nan,nan,nan
100530,A,nan,nan,nan,nan
100531,A,nan,nan,nan,nan
100532,A,nan,nan,nan,nan
100533,A,nan,nan,nan,nan
100534,A,nan,nan,nan,nan
100535,A,nan,nan,nan,nan
100536,A,nan,nan,nan,nan
100537,A,nan,nan,nan,nan
100538,A,nan,nan,nan,nan
100539,A,nan,nan,nan,nan
100540,A,nan,nan,nan,nan
100541,A,nan,nan,nan,nan
100542,A,nan,nan,nan,nan
100543,A,nan,nan,nan,nan
100544,A,nan,nan,nan,nan
100545,A,nan,nan,nan,nan
100546,A,nan,nan,nan,nan
100547,A,nan,nan,nan,nan
100548,A,nan,nan,nan,nan
100549,A,nan,nan,nan,nan
100550,A,nan,nan,nan,nan
100551,A,nan,nan,nan,nan
100552,A,nan,nan,nan,nan
100553,A,nan,nan,nan,nan
100554,A,nan,nan,nan,nan
100555,A,nan,nan,nan,nan
100556,A,nan,nan,nan,nan
100557,A,nan,nan,nan,nan
100558,A,nan,nan,nan,nan
100559,A,nan,nan,nan,nan
100560,A,nan,nan,nan,nan
100561,A,nan,nan,nan,nan
100562,A,nan,nan,nan,nan
100563,A,nan,nan,nan,nan
100564,A,nan,nan,nan,nan
100565,A,nan,nan,nan,nan
100566,A,nan,nan,nan,nan
100567,A,nan,nan,nan,nan
100568,A,nan,nan,nan,nan
100569,A,nan,nan,nan,nan
100570,A,nan,nan,nan,nan
100571,A,nan,nan,nan,nan
100572,A,nan,nan,nan,nan
100573,A,nan,nan,nan,nan
100574,A,nan,nan,nan,nan
100575,A,nan,nan,nan,nan
100576,A,nan,nan,nan,nan
100577,A,nan,nan,nan,nan
100578,A,nan,nan,nan,nan
100579,A,nan,nan,nan,nan
100580,A,nan,nan,nan,nan
100581,A,nan,nan,nan,nan
100582,A,nan,nan,nan,nan
100583,A,nan,nan,nan,nan
100584,A,nan,nan,nan,nan
100585,A,nan,nan,nan,nan
100586,A,nan,nan,nan,nan
100587,A,nan,nan,nan,nan
100588,A,nan,nan,nan,nan
100589,A,nan,nan,nan,nan
100590,A,nan,nan,nan,nan
100591,A,nan,nan,nan,nan
100592,A,nan,nan,nan,nan
100593,A,nan,nan,nan,nan
100594,A,nan,nan,nan,nan
100595,A,nan,nan,nan,nan
100596,A,nan,nan,nan,nan
100597,A,nan,nan,nan,nan
100598,A,nan,nan,nan,nan
100599,A,nan,nan,nan,nan
100600,A,nan,nan,nan,nan
100601,A,nan,nan,nan,nan
100602,A,nan,nan,nan,nan
100603,A,nan,nan,nan,nan
100604,A,nan,nan,nan,nan
100605,A,nan,nan,nan,nan
100606,A,nan,nan,nan,nan
100607,A,nan,nan,nan,nan
100608,A,nan,nan,nan,nan
100609,A,nan,nan,nan,nan
100610,A,nan,nan,nan,nan
100611,A,nan,nan,nan,nan
100612,A,nan,nan,nan,nan
100613,A,nan,nan,nan,nan
100614,A,nan,nan,nan,nan
100615,A,nan,nan,nan,nan
100616,A,nan,nan,nan,nan
100617,A,nan,nan,nan,nan
100618,A,nan,nan,nan,nan
100619,A,nan,nan,nan,nan
100620,A,nan,nan,nan,nan
100621,A,nan,nan,nan,nan
100622,A,nan,nan,nan,nan
100623,A,nan,nan,nan,nan
100624,A,nan,nan,nan,nan
100625,A,nan,nan,nan,nan
100626,A,nan,nan,nan,nan
100627,A,nan,nan,nan,nan
100628,A,nan,nan,nan,nan
100629,A,nan,nan,nan,nan
100630,A,nan,nan,nan,nan
100631,A,nan,nan,nan,nan
100632,A,nan,nan,nan,nan
100633,A,nan,nan,nan,nan
100634,A,nan,nan,nan,nan
100635,A,nan,nan,nan,nan
100636,A,nan,nan,nan,nan
100637,A,nan,nan,nan,nan
100638,A,nan,nan,nan,nan
100639,A,nan,nan,nan,nan
100640,A,nan,nan,nan,nan
100641,A,nan,nan,nan,nan
100642,A,nan,nan,nan,nan
100643,A,nan,nan,nan,nan
100644,A,nan,nan,nan,nan
100645,A,nan,nan,nan,nan
100646,A,nan,nan,nan,nan
100647,A,nan,nan,nan,nan
100648,A,nan,nan,nan,nan
100649,A,nan,nan,nan,nan
100650,A,nan,nan,nan,nan
100651,A,nan,nan,nan,nan
100652,A,nan,nan,nan,nan
100653,A,nan,nan,nan,nan
100654,A,nan,nan,nan,nan
100655,A,nan,nan,nan,nan
100656,A,nan,nan,nan,nan
100657,A,nan,nan,nan,nan
100658,A,nan,nan,nan,nan
100659,A,nan,nan,nan,nan
100660,A,nan,nan,nan,nan
100661,A,nan,nan,nan,nan
100662,A,nan,nan,nan,nan
100663,A,nan,nan,nan,nan
100664,A,nan,nan,nan,nan
100665,A,nan,nan,nan,nan
100666,A,nan,nan,nan,nan
100667,A,nan,nan,nan,nan
100668,A,nan,nan,nan,nan
100669,A,nan,nan,nan,nan
100670,A,nan,nan,nan,nan
100671,A,nan,nan,nan,nan
100672,A,nan,nan,nan,nan
100673,A,nan,nan,nan,nan
100674,A,nan,nan,nan,nan
100675,A,nan,nan,nan,nan
100676,A,nan,nan,nan,nan
100677,A,nan,nan,nan,nan
100678,A,nan,nan,nan,nan
100679,A,nan,nan,nan,nan
100680,A,nan,nan,nan,nan
100681,A,nan,nan,nan,nan
100682,A,nan,nan,nan,nan
100683,A,nan,nan,nan,nan
100684,A,nan,nan,nan,nan
100685,A,nan,nan,nan,nan
100686,A,nan,nan,nan,nan
100687,A,nan,nan,nan,nan
100688,A,nan,nan,nan,nan
100689,A,nan,nan,nan,nan
100690,A,nan,nan,nan,nan
100691,A,nan,nan,nan,nan
100692,A,nan,nan,nan,nan
100693,A,nan,nan,nan,nan
100694,A,nan,nan,nan,nan
100695,A,nan,nan,nan,nan
100696,A,nan,nan,nan,nan
100697,A,nan,nan,nan,nan
100698,A,nan,nan,nan,nan
100699,A,nan,nan,nan,nan
100700,A,nan,nan,nan,nan
100701,A,nan,nan,nan,nan
100702,A,nan,nan,nan,nan
100703,A,nan,nan,nan,nan
100704,A,nan,nan,nan,nan
100705,A,nan,nan,nan,nan
100706,A,nan,nan,nan,nan
100707,A,nan,nan,nan,nan
100708,A,nan,nan,nan,nan
100709,A,nan,nan,nan,nan
100710,A,nan,nan,nan,nan
100711,A,nan,nan,nan,nan
100712,A,nan,nan,nan,nan
100713,A,nan,nan,nan,nan
100714,A,nan,nan,nan,nan
100715,A,nan,nan,nan,nan
100716,A,nan,nan,nan,nan
100717,A,nan,nan,nan,nan
100718,A,nan,nan,nan,nan
100719,A,nan,nan,nan,nan
100720,A,nan,nan,nan,nan
100721,A,nan,nan,nan,nan
100722,A,nan,nan,nan,nan
100723,A,nan,nan,nan,nan
100724,A,nan,nan,nan,nan
100725,A,nan,nan,nan,nan
100726,A,nan,nan,nan,nan
100727,A,nan,nan,nan,nan
100728,A,nan,nan,nan,nan
100729,A,nan,nan,nan,nan
100730,A,nan,nan,nan,nan
100731,A,nan,nan,nan,nan
100732,A,nan,nan,nan,nan
100733,A,nan,nan,nan,nan
100734,A,nan,nan,nan,nan
100735,A,nan,nan,nan,nan
100736,A,nan,nan,nan,nan
100737,A,nan,nan,nan,nan
100738,A,nan,nan,nan,nan
100739,A,nan,nan,nan,nan
100740,A,nan,nan,nan,nan
100741,A,nan,nan,nan,nan
100742,A,nan,nan,nan,nan
100743,A,nan,nan,nan,nan
100744,A,nan,nan,nan,nan
100745,A,nan,nan,nan,nan
100746,A,nan,nan,nan,nan
100747,A,nan,nan,nan,nan
100748,A,nan,nan,nan,nan
100749,A,nan,nan,nan,nan
100750,A,nan,nan,nan,nan
100751,A,nan,nan,nan,nan
100752,A,nan,nan,nan,nan
100753,A,nan,nan,nan,nan
100754,A,nan,nan,nan,nan
100755,A,nan,nan,nan,nan
100756,A,nan,nan,nan,nan
100757,A,nan,nan,nan,nan
100758,A,nan,nan,nan,nan
100759,A,nan,nan,nan,nan
100760,A,nan,nan,nan,nan
100761,A,nan,nan,nan,nan
100762,A,nan,nan,nan,nan
100763,A,nan,nan,nan,nan
100764,A,nan,nan,nan,nan
100765,A,nan,nan,nan,nan
100766,A,nan,nan,nan,nan
100767,A,nan,nan,nan,nan
100768,A,nan,nan,nan,nan
100769,A,nan,nan,nan,nan
100770,A,nan,nan,nan,nan
100771,A,nan,nan,nan,nan
100772,A,nan,nan,nan,nan
100773,A,nan,nan,nan,nan
100774,A,nan,nan,nan,nan
100775,A,nan,nan,nan,nan
100776,A,nan,nan,nan,nan
100777,A,nan,nan,nan,nan
100778,A,nan,nan,nan,nan
100779,A,nan,nan,nan,nan
100780,A,nan,nan,nan,nan
100781,A,nan,nan,nan,nan
100782,A,nan,nan,nan,nan
100783,A,nan,nan,nan,nan
100784,A,nan,nan,nan,nan
100785,A,nan,nan,nan,nan
100786,A,nan,nan,nan,nan
100787,A,nan,nan,nan,nan
100788,A,nan,nan,nan,nan
100789,A,nan,nan,nan,nan
100790,A,nan,nan,nan,nan
100791,A,nan,nan,nan,nan
100792,A,nan,nan,nan,nan
100793,A,nan,nan,nan,nan
100794,A,nan,nan,nan,nan
100795,A,nan,nan,nan,nan
100796,A,nan,nan,nan,nan
100797,A,nan,nan,nan,nan
100798,A,nan,nan,nan,nan
100799,A,nan,nan,nan,nan
100800,A,nan,nan,nan,nan
100801,A,nan,nan,nan,nan
100802,A,nan,nan,nan,nan
100803,A,nan,nan,nan,nan
100804,A,nan,nan,nan,nan
100805,A,nan,nan,nan,nan
100806,A,nan,nan,nan,nan
100807,A,nan,nan,nan,nan
100808,A,nan,nan,nan,nan
100809,A,nan,nan,nan,nan
100810,A,nan,nan,nan,nan
100811,A,nan,nan,nan,nan
100812,A,nan,nan,nan,nan
100813,A,nan,nan,nan,nan
100814,A,nan,nan,nan,nan
100815,A,nan,nan,nan,nan
100816,A,nan,nan,nan,nan
100817,A,nan,nan,nan,nan
100818,A,nan,nan,nan,nan
100819,A,nan,nan,nan,nan
100820,A,nan,nan,nan,nan
100821,A,nan,nan,nan,nan
100822,A,nan,nan,nan,nan
100823,A,nan,nan,nan,nan
100824,A,nan,nan,nan,nan
100825,A,nan,nan,nan,nan
100826,A,nan,nan,nan,nan
100827,A,nan,nan,nan,nan
100828,A,nan,nan,nan,nan
100829,A,nan,nan,nan,nan
100830,A,nan,nan,nan,nan
100831,A,nan,nan,nan,nan
100832,A,nan,nan,nan,nan
100833,A,nan,nan,nan,nan
100834,A,nan,nan,nan,nan
100835,A,nan,nan,nan,nan
100836,A,nan,nan,nan,nan
100837,A,nan,nan,nan,nan
100838,A,nan,nan,nan,nan
100839,A,nan,nan,nan,nan
100840,A,nan,nan,nan,nan
100841,A,nan,nan,nan,nan
100842,A,nan,nan,nan,nan
100843,A,nan,nan,nan,nan
100844,A,nan,nan,nan,nan
100845,A,nan,nan,nan,nan
100846,A,nan,nan,nan,nan
100847,A,nan,nan,nan,nan
100848,A,nan,nan,nan,nan
100849,A,nan,nan,nan,nan
100850,A,nan,nan,nan,nan
100851,A,nan,nan,nan,nan
100852,A,nan,nan,nan,nan
100853,A,nan,nan,nan,nan
100854,A,nan,nan,nan,nan
100855,A,nan,nan,nan,nan
100856,A,nan,nan,nan,nan
100857,A,nan,nan,nan,nan
100858,A,nan,nan,nan,nan
100859,A,nan,nan,nan,nan
100860,A,nan,nan,nan,nan
100861,A,nan,nan,nan,nan
100862,A,nan,nan,nan,nan
100863,A,nan,nan,nan,nan
100864,A,nan,nan,nan,nan
100865,A,nan,nan,nan,nan
100866,A,nan,nan,nan,nan
100867,A,nan,nan,nan,nan
100868,A,nan,nan,nan,nan
100869,A,nan,nan,nan,nan
100870,A,nan,nan,nan,nan
100871,A,nan,nan,nan,nan
100872,A,nan,nan,nan,nan
100873,A,nan,nan,nan,nan
100874,A,nan,nan,nan,nan
100875,A,nan,nan,nan,nan
100876,A,nan,nan,nan,nan
100877,A,nan,nan,nan,nan
100878,A,nan,nan,nan,nan
100879,A,nan,nan,nan,nan
100880,A,nan,nan,nan,nan
100881,A,nan,nan,nan,nan
100882,A,nan,nan,nan,nan
100883,A,nan,nan,nan,nan
100884,A,nan,nan,nan,nan
100885,A,nan,nan,nan,nan
100886,A,nan,nan,nan,nan
100887,A,nan,nan,nan,nan
100888,A,nan,nan,nan,nan
100889,A,nan,nan,nan,nan
100890,A,nan,nan,nan,nan
100891,A,nan,nan,nan,nan
100892,A,nan,nan,nan,nan
100893,A,nan,nan,nan,nan
100894,A,nan,nan,nan,nan
100895,A,nan,nan,nan,nan
100896,A,nan,nan,nan,nan
100897,A,nan,nan,nan,nan
100898,A,nan,nan,nan,nan
100899,A,nan,nan,nan,nan
100900,A,nan,nan,nan,nan
100901,A,nan,nan,nan,nan
100902,A,nan,nan,nan,nan
100903,A,nan,nan,nan,nan
100904,A,nan,nan,nan,nan
100905,A,nan,nan,nan,nan
100906,A,nan,nan,nan,nan
100907,A,nan,nan,nan,nan
100908,A,nan,nan,nan,nan
100909,A,nan,nan,nan,nan
100910,A,nan,nan,nan,nan
100911,A,nan,nan,nan,nan
100912,A,nan,nan,nan,nan
100913,A,nan,nan,nan,nan
100914,A,nan,nan,nan,nan
100915,A,nan,nan,nan,nan
100916,A,nan,nan,nan,nan
100917,A,nan,nan,nan,nan
100918,A,nan,nan,nan,nan
100919,A,nan,nan,nan,nan
100920,A,nan,nan,nan,nan
100921,A,nan,nan,nan,nan
100922,A,nan,nan,nan,nan
100923,A,nan,nan,nan,nan
100924,A,nan,nan,nan,nan
100925,A,nan,nan,nan,nan
100926,A,nan,nan,nan,nan
100927,A,nan,nan,nan,nan
100928,A,nan,nan,nan,nan
100929,A,nan,nan,nan,nan
100930,A,nan,nan,nan,nan
100931,A,nan,nan,nan,nan
100932,A,nan,nan,nan,nan
100933,A,nan,nan,nan,nan
100934,A,nan,nan,nan,nan
100935,A,nan,nan,nan,nan
100936,A,nan,nan,nan,nan
100937,A,nan,nan,nan,nan
100938,A,nan,nan,nan,nan
100939,A,nan,nan,nan,nan
100940,A,nan,nan,nan,nan
100941,A,nan,nan,nan,nan
100942,A,nan,nan,nan,nan
100943,A,nan,nan,nan,nan
100944,A,nan,nan,nan,nan
100945,A,nan,nan,nan,nan
100946,A,nan,nan,nan,nan
100947,A,nan,nan,nan,nan
100948,A,nan,nan,nan,nan
100949,A,nan,nan,nan,nan
100950,A,nan,nan,nan,nan
100951,A,nan,nan,nan,nan
100952,A,nan,nan,nan,nan
100953,A,nan,nan,nan,nan
100954,A,nan,nan,nan,nan
100955,A,nan,nan,nan,nan
100956,A,nan,nan,nan,nan
100957,A,nan,nan,nan,nan
100958,A,nan,nan,nan,nan
100959,A,nan,nan,nan,nan
100960,A,nan,nan,nan,nan
100961,A,nan,nan,nan,nan
100962,A,nan,nan,nan,nan
100963,A,nan,nan,nan,nan
100964,A,nan,nan,nan,nan
100965,A,nan,nan,nan,nan
100966,A,nan,nan,nan,nan
100967,A,nan,nan,nan,nan
100968,A,nan,nan,nan,nan
100969,A,nan,nan,nan,nan
100970,A,nan,nan,nan,nan
100971,A,nan,nan,nan,nan
100972,A,nan,nan,nan,nan
100973,A,nan,nan,nan,nan
100974,A,nan,nan,nan,nan
100975,A,nan,nan,nan,nan
100976,A,nan,nan,nan,nan
100977,A,nan,nan,nan,nan
100978,A,nan,nan,nan,nan
100979,A,nan,nan,nan,nan
100980,A,nan,nan,nan,nan
100981,A,nan,nan,nan,nan
100982,A,nan,nan,nan,nan
100983,A,nan,nan,nan,nan
100984,A,nan,nan,nan,nan
100985,A,nan,nan,nan,nan
100986,A,nan,nan,nan,nan
100987,A,nan,nan,nan,nan
100988,A,nan,nan,nan,nan
100989,A,nan,nan,nan,nan
100990,A,nan,nan,nan,nan
100991,A,nan,nan,nan,nan
100992,A,nan,nan,nan,nan
100993,A,nan,nan,nan,nan
100994,A,nan,nan,nan,nan
100995,A,nan,nan,nan,nan
100996,A,nan,nan,nan,nan
100997,A,nan,nan,nan,nan
100998,A,nan,nan,nan,nan
100999,A,nan,nan,nan,nan
101000,A,nan,nan,nan,nan
101001,A,nan,nan,nan,nan
101002,A,nan,nan,nan,nan
101003,A,nan,nan,nan,nan
101004,A,nan,nan,nan,nan
101005,A,nan,nan,nan,nan
101006,A,nan,nan,nan,nan
101007,A,nan,nan,nan,nan
101008,A,nan,nan,nan,nan
101009,A,nan,nan,nan,nan
101010,A,nan,nan,nan,nan
101011,A,nan,nan,nan,nan
101012,A,nan,nan,nan,nan
101013,A,nan,nan,nan,nan
101014,A,nan,nan,nan,nan
101015,A,nan,nan,nan,nan
101016,A,nan,nan,nan,nan
101017,A,nan,nan,nan,nan
101018,A,nan,nan,nan,nan
101019,A,nan,nan,nan,nan
101020,A,nan,nan,nan,nan
101021,A,nan,nan,nan,nan
101022,A,nan,nan,nan,nan
101023,A,nan,nan,nan,nan
101024,A,nan,nan,nan,nan
101025,A,nan,nan,nan,nan
101026,A,nan,nan,nan,nan
101027,A,nan,nan,nan,nan
101028,A,nan,nan,nan,nan
101029,A,nan,nan,nan,nan
101030,A,nan,nan,nan,nan
101031,A,nan,nan,nan,nan
101032,A,nan,nan,nan,nan
101033,A,nan,nan,nan,nan
101034,A,nan,nan,nan,nan
101035,A,nan,nan,nan,nan
101036,A,nan,nan,nan,nan
101037,A,nan,nan,nan,nan
101038,A,nan,nan,nan,nan
101039,A,nan,nan,nan,nan
101040,A,nan,nan,nan,nan
101041,A,nan,nan,nan,nan
101042,A,nan,nan,nan,nan
101043,A,nan,nan,nan,nan
101044,A,nan,nan,nan,nan
101045,A,nan,nan,nan,nan
101046,A,nan,nan,nan,nan
101047,A,nan,nan,nan,nan
101048,A,nan,nan,nan,nan
101049,A,nan,nan,nan,nan
101050,A,nan,nan,nan,nan
101051,A,nan,nan,nan,nan
101052,A,nan,nan,nan,nan
101053,A,nan,nan,nan,nan
101054,A,nan,nan,nan,nan
101055,A,nan,nan,nan,nan
101056,A,nan,nan,nan,nan
101057,A,nan,nan,nan,nan
101058,A,nan,nan,nan,nan
101059,A,nan,nan,nan,nan
101060,A,nan,nan,nan,nan
101061,A,nan,nan,nan,nan
101062,A,nan,nan,nan,nan
101063,A,nan,nan,nan,nan
101064,A,nan,nan,nan,nan
101065,A,nan,nan,nan,nan
101066,A,nan,nan,nan,nan
101067,A,nan,nan,nan,nan
101068,A,nan,nan,nan,nan
101069,A,nan,nan,nan,nan
101070,A,nan,nan,nan,nan
101071,A,nan,nan,nan,nan
101072,A,nan,nan,nan,nan
101073,A,nan,nan,nan,nan
101074,A,nan,nan,nan,nan
101075,A,nan,nan,nan,nan
101076,A,nan,nan,nan,nan
101077,A,nan,nan,nan,nan
101078,A,nan,nan,nan,nan
101079,A,nan,nan,nan,nan
101080,A,nan,nan,nan,nan
101081,A,nan,nan,nan,nan
101082,A,nan,nan,nan,nan
101083,A,nan,nan,nan,nan
101084,A,nan,nan,nan,nan
101085,A,nan,nan,nan,nan
101086,A,nan,nan,nan,nan
101087,A,nan,nan,nan,nan
101088,A,nan,nan,nan,nan
101089,A,nan,nan,nan,nan
101090,A,nan,nan,nan,nan
101091,A,nan,nan,nan,nan
101092,A,nan,nan,nan,nan
101093,A,nan,nan,nan,nan
101094,A,nan,nan,nan,nan
101095,A,nan,nan,nan,nan
101096,A,nan,nan,nan,nan
101097,A,nan,nan,nan,nan
101098,A,nan,nan,nan,nan
101099,A,nan,nan,nan,nan
101100,A,nan,nan,nan,nan
101101,A,nan,nan,nan,nan
101102,A,nan,nan,nan,nan
101103,A,nan,nan,nan,nan
101104,A,nan,nan,nan,nan
101105,A,nan,nan,nan,nan
101106,A,nan,nan,nan,nan
101107,A,nan,nan,nan,nan
101108,A,nan,nan,nan,nan
101109,A,nan,nan,nan,nan
101110,A,nan,nan,nan,nan
101111,A,nan,nan,nan,nan
101112,A,nan,nan,nan,nan
101113,A,nan,nan,nan,nan
101114,A,nan,nan,nan,nan
101115,A,nan,nan,nan,nan
101116,A,nan,nan,nan,nan
101117,A,nan,nan,nan,nan
101118,A,nan,nan,nan,nan
101119,A,nan,nan,nan,nan
101120,A,nan,nan,nan,nan
101121,A,nan,nan,nan,nan
101122,A,nan,nan,nan,nan
101123,A,nan,nan,nan,nan
101124,A,nan,nan,nan,nan
101125,A,nan,nan,nan,nan
101126,A,nan,nan,nan,nan
101127,A,nan,nan,nan,nan
101128,A,nan,nan,nan,nan
101129,A,nan,nan,nan,nan
101130,A,nan,nan,nan,nan
101131,A,nan,nan,nan,nan
101132,A,nan,nan,nan,nan
101133,A,nan,nan,nan,nan
101134,A,nan,nan,nan,nan
101135,A,nan,nan,nan,nan
101136,A,nan,nan,nan,nan
101137,A,nan,nan,nan,nan
101138,A,nan,nan,nan,nan
101139,A,nan,nan,nan,nan
101140,A,nan,nan,nan,nan
101141,A,nan,nan,nan,nan
101142,A,nan,nan,nan,nan
101143,A,nan,nan,nan,nan
101144,A,nan,nan,nan,nan
101145,A,nan,nan,nan,nan
101146,A,nan,nan,nan,nan
101147,A,nan,nan,nan,nan
101148,A,nan,nan,nan,nan
101149,A,nan,nan,nan,nan
101150,A,nan,nan,nan,nan
101151,A,nan,nan,nan,nan
101152,A,nan,nan,nan,nan
101153,A,nan,nan,nan,nan
101154,A,nan,nan,nan,nan
101155,A,nan,nan,nan,nan
101156,A,nan,nan,nan,nan
101157,A,nan,nan,nan,nan
101158,A,nan,nan,nan,nan
101159,A,nan,nan,nan,nan
101160,A,nan,nan,nan,nan
101161,A,nan,nan,nan,nan
101162,A,nan,nan,nan,nan
101163,A,nan,nan,nan,nan
101164,A,nan,nan,nan,nan
101165,A,nan,nan,nan,nan
101166,A,nan,nan,nan,nan
101167,A,nan,nan,nan,nan
101168,A,nan,nan,nan,nan
101169,A,nan,nan,nan,nan
101170,A,nan,nan,nan,nan
101171,A,nan,nan,nan,nan
101172,A,nan,nan,nan,nan
101173,A,nan,nan,nan,nan
101174,A,nan,nan,nan,nan
101175,A,nan,nan,nan,nan
101176,A,nan,nan,nan,nan
101177,A,nan,nan,nan,nan
101178,A,nan,nan,nan,nan
101179,A,nan,nan,nan,nan
101180,A,nan,nan,nan,nan
101181,A,nan,nan,nan,nan
101182,A,nan,nan,nan,nan
101183,A,nan,nan,nan,nan
101184,A,nan,nan,nan,nan
101185,A,nan,nan,nan,nan
101186,A,nan,nan,nan,nan
101187,A,nan,nan,nan,nan
101188,A,nan,nan,nan,nan
101189,A,nan,nan,nan,nan
101190,A,nan,nan,nan,nan
101191,A,nan,nan,nan,nan
101192,A,nan,nan,nan,nan
101193,A,nan,nan,nan,nan
101194,A,nan,nan,nan,nan
101195,A,nan,nan,nan,nan
101196,A,nan,nan,nan,nan
101197,A,nan,nan,nan,nan
101198,A,nan,nan,nan,nan
101199,A,nan,nan,nan,nan
101200,A,nan,nan,nan,nan
101201,A,nan,nan,nan,nan
101202,A,nan,nan,nan,nan
101203,A,nan,nan,nan,nan
101204,A,nan,nan,nan,nan
101205,A,nan,nan,nan,nan
101206,A,nan,nan,nan,nan
101207,A,nan,nan,nan,nan
101208,A,nan,nan,nan,nan
101209,A,nan,nan,nan,nan
101210,A,nan,nan,nan,nan
101211,A,nan,nan,nan,nan
101212,A,nan,nan,nan,nan
101213,A,nan,nan,nan,nan
101214,A,nan,nan,nan,nan
101215,A,nan,nan,nan,nan
101216,A,nan,nan,nan,nan
101217,A,nan,nan,nan,nan
101218,A,nan,nan,nan,nan
101219,A,nan,nan,nan,nan
101220,A,nan,nan,nan,nan
101221,A,nan,nan,nan,nan
101222,A,nan,nan,nan,nan
101223,A,nan,nan,nan,nan
101224,A,nan,nan,nan,nan
101225,A,nan,nan,nan,nan
101226,A,nan,nan,nan,nan
101227,A,nan,nan,nan,nan
101228,A,nan,nan,nan,nan
101229,A,nan,nan,nan,nan
101230,A,nan,nan,nan,nan
101231,A,nan,nan,nan,nan
101232,A,nan,nan,nan,nan
101233,A,nan,nan,nan,nan
101234,A,nan,nan,nan,nan
101235,A,nan,nan,nan,nan
101236,A,nan,nan,nan,nan
101237,A,nan,nan,nan,nan
101238,A,nan,nan,nan,nan
101239,A,nan,nan,nan,nan
101240,A,nan,nan,nan,nan
101241,A,nan,nan,nan,nan
101242,A,nan,nan,nan,nan
101243,A,nan,nan,nan,nan
101244,A,nan,nan,nan,nan
101245,A,nan,nan,nan,nan
101246,A,nan,nan,nan,nan
101247,A,nan,nan,nan,nan
101248,A,nan,nan,nan,nan
101249,A,nan,nan,nan,nan
101250,A,nan,nan,nan,nan
101251,A,nan,nan,nan,nan
101252,A,nan,nan,nan,nan
101253,A,nan,nan,nan,nan
101254,A,nan,nan,nan,nan
101255,A,nan,nan,nan,nan
101256,A,nan,nan,nan,nan
101257,A,nan,nan,nan,nan
101258,A,nan,nan,nan,nan
101259,A,nan,nan,nan,nan
101260,A,nan,nan,nan,nan
101261,A,nan,nan,nan,nan
101262,A,nan,nan,nan,nan
101263,A,nan,nan,nan,nan
101264,A,nan,nan,nan,nan
101265,A,nan,nan,nan,nan
101266,A,nan,nan,nan,nan
101267,A,nan,nan,nan,nan
101268,A,nan,nan,nan,nan
101269,A,nan,nan,nan,nan
101270,A,nan,nan,nan,nan
101271,A,nan,nan,nan,nan
101272,A,nan,nan,nan,nan
101273,A,nan,nan,nan,nan
101274,A,nan,nan,nan,nan
101275,A,nan,nan,nan,nan
101276,A,nan,nan,nan,nan
101277,A,nan,nan,nan,nan
101278,A,nan,nan,nan,nan
101279,A,nan,nan,nan,nan
101280,A,nan,nan,nan,nan
101281,A,nan,nan,nan,nan
101282,A,nan,nan,nan,nan
101283,A,nan,nan,nan,nan
101284,A,nan,nan,nan,nan
101285,A,nan,nan,nan,nan
101286,A,nan,nan,nan,nan
101287,A,nan,nan,nan,nan
101288,A,nan,nan,nan,nan
101289,A,nan,nan,nan,nan
101290,A,nan,nan,nan,nan
101291,A,nan,nan,nan,nan
101292,A,nan,nan,nan,nan
101293,A,nan,nan,nan,nan
101294,A,nan,nan,nan,nan
101295,A,nan,nan,nan,nan
101296,A,nan,nan,nan,nan
101297,A,nan,nan,nan,nan
101298,A,nan,nan,nan,nan
101299,A,nan,nan,nan,nan
101300,A,nan,nan,nan,nan
101301,A,nan,nan,nan,nan
101302,A,nan,nan,nan,nan
101303,A,nan,nan,nan,nan
101304,A,nan,nan,nan,nan
101305,A,nan,nan,nan,nan
101306,A,nan,nan,nan,nan
101307,A,nan,nan,nan,nan
101308,A,nan,nan,nan,nan
101309,A,nan,nan,nan,nan
101310,A,nan,nan,nan,nan
101311,A,nan,nan,nan,nan
101312,A,nan,nan,nan,nan
101313,A,nan,nan,nan,nan
101314,A,nan,nan,nan,nan
101315,A,nan,nan,nan,nan
101316,A,nan,nan,nan,nan
101317,A,nan,nan,nan,nan
101318,A,nan,nan,nan,nan
101319,A,nan,nan,nan,nan
101320,A,nan,nan,nan,nan
101321,A,nan,nan,nan,nan
101322,A,nan,nan,nan,nan
101323,A,nan,nan,nan,nan
101324,A,nan,nan,nan,nan
101325,A,nan,nan,nan,nan
101326,A,nan,nan,nan,nan
101327,A,nan,nan,nan,nan
101328,A,nan,nan,nan,nan
101329,A,nan,nan,nan,nan
101330,A,nan,nan,nan,nan
101331,A,nan,nan,nan,nan
101332,A,nan,nan,nan,nan
101333,A,nan,nan,nan,nan
101334,A,nan,nan,nan,nan
101335,A,nan,nan,nan,nan
101336,A,nan,nan,nan,nan
101337,A,nan,nan,nan,nan
101338,A,nan,nan,nan,nan
101339,A,nan,nan,nan,nan
101340,A,nan,nan,nan,nan
101341,A,nan,nan,nan,nan
101342,A,nan,nan,nan,nan
101343,A,nan,nan,nan,nan
101344,A,nan,nan,nan,nan
101345,A,nan,nan,nan,nan
101346,A,nan,nan,nan,nan
101347,A,nan,nan,nan,nan
101348,A,nan,nan,nan,nan
101349,A,nan,nan,nan,nan
101350,A,nan,nan,nan,nan
101351,A,nan,nan,nan,nan
101352,A,nan,nan,nan,nan
101353,A,nan,nan,nan,nan
101354,A,nan,nan,nan,nan
101355,A,nan,nan,nan,nan
101356,A,nan,nan,nan,nan
101357,A,nan,nan,nan,nan
101358,A,nan,nan,nan,nan
101359,A,nan,nan,nan,nan
101360,A,nan,nan,nan,nan
101361,A,nan,nan,nan,nan
101362,A,nan,nan,nan,nan
101363,A,nan,nan,nan,nan
101364,A,nan,nan,nan,nan
101365,A,nan,nan,nan,nan
101366,A,nan,nan,nan,nan
101367,A,nan,nan,nan,nan
101368,A,nan,nan,nan,nan
101369,A,nan,nan,nan,nan
101370,A,nan,nan,nan,nan
101371,A,nan,nan,nan,nan
101372,A,nan,nan,nan,nan
101373,A,nan,nan,nan,nan
101374,A,nan,nan,nan,nan
101375,A,nan,nan,nan,nan
101376,A,nan,nan,nan,nan
101377,A,nan,nan,nan,nan
101378,A,nan,nan,nan,nan
101379,A,nan,nan,nan,nan
101380,A,nan,nan,nan,nan
101381,A,nan,nan,nan,nan
101382,A,nan,nan,nan,nan
101383,A,nan,nan,nan,nan
101384,A,nan,nan,nan,nan
101385,A,nan,nan,nan,nan
101386,A,nan,nan,nan,nan
101387,A,nan,nan,nan,nan
101388,A,nan,nan,nan,nan
101389,A,nan,nan,nan,nan
101390,A,nan,nan,nan,nan
101391,A,nan,nan,nan,nan
101392,A,nan,nan,nan,nan
101393,A,nan,nan,nan,nan
101394,A,nan,nan,nan,nan
101395,A,nan,nan,nan,nan
101396,A,nan,nan,nan,nan
101397,A,nan,nan,nan,nan
101398,A,nan,nan,nan,nan
101399,A,nan,nan,nan,nan
101400,A,nan,nan,nan,nan
101401,A,nan,nan,nan,nan
101402,A,nan,nan,nan,nan
101403,A,nan,nan,nan,nan
101404,A,nan,nan,nan,nan
101405,A,nan,nan,nan,nan
101406,A,nan,nan,nan,nan
101407,A,nan,nan,nan,nan
101408,A,nan,nan,nan,nan
101409,A,nan,nan,nan,nan
101410,A,nan,nan,nan,nan
101411,A,nan,nan,nan,nan
101412,A,nan,nan,nan,nan
101413,A,nan,nan,nan,nan
101414,A,nan,nan,nan,nan
101415,A,nan,nan,nan,nan
101416,A,nan,nan,nan,nan
101417,A,nan,nan,nan,nan
101418,A,nan,nan,nan,nan
101419,A,nan,nan,nan,nan
101420,A,nan,nan,nan,nan
101421,A,nan,nan,nan,nan
101422,A,nan,nan,nan,nan
101423,A,nan,nan,nan,nan
101424,A,nan,nan,nan,nan
101425,A,nan,nan,nan,nan
101426,A,nan,nan,nan,nan
101427,A,nan,nan,nan,nan
101428,A,nan,nan,nan,nan
101429,A,nan,nan,nan,nan
101430,A,nan,nan,nan,nan
101431,A,nan,nan,nan,nan
101432,A,nan,nan,nan,nan
101433,A,nan,nan,nan,nan
101434,A,nan,nan,nan,nan
101435,A,nan,nan,nan,nan
101436,A,nan,nan,nan,nan
101437,A,nan,nan,nan,nan
101438,A,nan,nan,nan,nan
101439,A,nan,nan,nan,nan
101440,A,nan,nan,nan,nan
101441,A,nan,nan,nan,nan
101442,A,nan,nan,nan,nan
101443,A,nan,nan,nan,nan
101444,A,nan,nan,nan,nan
101445,A,nan,nan,nan,nan
101446,A,nan,nan,nan,nan
101447,A,nan,nan,nan,nan
101448,A,nan,nan,nan,nan
101449,A,nan,nan,nan,nan
101450,A,nan,nan,nan,nan
101451,A,nan,nan,nan,nan
101452,A,nan,nan,nan,nan
101453,A,nan,nan,nan,nan
101454,A,nan,nan,nan,nan
101455,A,nan,nan,nan,nan
101456,A,nan,nan,nan,nan
101457,A,nan,nan,nan,nan
101458,A,nan,nan,nan,nan
101459,A,nan,nan,nan,nan
101460,A,nan,nan,nan,nan
101461,A,nan,nan,nan,nan
101462,A,nan,nan,nan,nan
101463,A,nan,nan,nan,nan
101464,A,nan,nan,nan,nan
101465,A,nan,nan,nan,nan
101466,A,nan,nan,nan,nan
101467,A,nan,nan,nan,nan
101468,A,nan,nan,nan,nan
101469,A,nan,nan,nan,nan
101470,A,nan,nan,nan,nan
101471,A,nan,nan,nan,nan
101472,A,nan,nan,nan,nan
101473,A,nan,nan,nan,nan
101474,A,nan,nan,nan,nan
101475,A,nan,nan,nan,nan
101476,A,nan,nan,nan,nan
101477,A,nan,nan,nan,nan
101478,A,nan,nan,nan,nan
101479,A,nan,nan,nan,nan
101480,A,nan,nan,nan,nan
101481,A,nan,nan,nan,nan
101482,A,nan,nan,nan,nan
101483,A,nan,nan,nan,nan
101484,A,nan,nan,nan,nan
101485,A,nan,nan,nan,nan
101486,A,nan,nan,nan,nan
101487,A,nan,nan,nan,nan
101488,A,nan,nan,nan,nan
101489,A,nan,nan,nan,nan
101490,A,nan,nan,nan,nan
101491,A,nan,nan,nan,nan
101492,A,nan,nan,nan,nan
101493,A,nan,nan,nan,nan
101494,A,nan,nan,nan,nan
101495,A,nan,nan,nan,nan
101496,A,nan,nan,nan,nan
101497,A,nan,nan,nan,nan
101498,A,nan,nan,nan,nan
101499,A,nan,nan,nan,nan
101500,A,nan,nan,nan,nan
101501,A,nan,nan,nan,nan
101502,A,nan,nan,nan,nan
101503,A,nan,nan,nan,nan
101504,A,nan,nan,nan,nan
101505,A,nan,nan,nan,nan
101506,A,nan,nan,nan,nan
101507,A,nan,nan,nan,nan
101508,A,nan,nan,nan,nan
101509,A,nan,nan,nan,nan
101510,A,nan,nan,nan,nan
101511,A,nan,nan,nan,nan
101512,A,nan,nan,nan,nan
101513,A,nan,nan,nan,nan
101514,A,nan,nan,nan,nan
101515,A,nan,nan,nan,nan
101516,A,nan,nan,nan,nan
101517,A,nan,nan,nan,nan
101518,A,nan,nan,nan,nan
101519,A,nan,nan,nan,nan
101520,A,nan,nan,nan,nan
101521,A,nan,nan,nan,nan
101522,A,nan,nan,nan,nan
101523,A,nan,nan,nan,nan
101524,A,nan,nan,nan,nan
101525,A,nan,nan,nan,nan
101526,A,nan,nan,nan,nan
101527,A,nan,nan,nan,nan
101528,A,nan,nan,nan,nan
101529,A,nan,nan,nan,nan
101530,A,nan,nan,nan,nan
101531,A,nan,nan,nan,nan
101532,A,nan,nan,nan,nan
101533,A,nan,nan,nan,nan
101534,A,nan,nan,nan,nan
101535,A,nan,nan,nan,nan
101536,A,nan,nan,nan,nan
101537,A,nan,nan,nan,nan
101538,A,nan,nan,nan,nan
101539,A,nan,nan,nan,nan
101540,A,nan,nan,nan,nan
101541,A,nan,nan,nan,nan
101542,A,nan,nan,nan,nan
101543,A,nan,nan,nan,nan
101544,A,nan,nan,nan,nan
101545,A,nan,nan,nan,nan
101546,A,nan,nan,nan,nan
101547,A,nan,nan,nan,nan
101548,A,nan,nan,nan,nan
101549,A,nan,nan,nan,nan
101550,A,nan,nan,nan,nan
101551,A,nan,nan,nan,nan
101552,A,nan,nan,nan,nan
101553,A,nan,nan,nan,nan
101554,A,nan,nan,nan,nan
101555,A,nan,nan,nan,nan
101556,A,nan,nan,nan,nan
101557,A,nan,nan,nan,nan
101558,A,nan,nan,nan,nan
101559,A,nan,nan,nan,nan
101560,A,nan,nan,nan,nan
101561,A,nan,nan,nan,nan
101562,A,nan,nan,nan,nan
101563,A,nan,nan,nan,nan
101564,A,nan,nan,nan,nan
101565,A,nan,nan,nan,nan
101566,A,nan,nan,nan,nan
101567,A,nan,nan,nan,nan
101568,A,nan,nan,nan,nan
101569,A,nan,nan,nan,nan
101570,A,nan,nan,nan,nan
101571,A,nan,nan,nan,nan
101572,A,nan,nan,nan,nan
101573,A,nan,nan,nan,nan
101574,A,nan,nan,nan,nan
101575,A,nan,nan,nan,nan
101576,A,nan,nan,nan,nan
101577,A,nan,nan,nan,nan
101578,A,nan,nan,nan,nan
101579,A,nan,nan,nan,nan
101580,A,nan,nan,nan,nan
101581,A,nan,nan,nan,nan
101582,A,nan,nan,nan,nan
101583,A,nan,nan,nan,nan
101584,A,nan,nan,nan,nan
101585,A,nan,nan,nan,nan
101586,A,nan,nan,nan,nan
101587,A,nan,nan,nan,nan
101588,A,nan,nan,nan,nan
101589,A,nan,nan,nan,nan
101590,A,nan,nan,nan,nan
101591,A,nan,nan,nan,nan
101592,A,nan,nan,nan,nan
101593,A,nan,nan,nan,nan
101594,A,nan,nan,nan,nan
101595,A,nan,nan,nan,nan
101596,A,nan,nan,nan,nan
101597,A,nan,nan,nan,nan
101598,A,nan,nan,nan,nan
101599,A,nan,nan,nan,nan
101600,A,nan,nan,nan,nan
101601,A,nan,nan,nan,nan
101602,A,nan,nan,nan,nan
101603,A,nan,nan,nan,nan
101604,A,nan,nan,nan,nan
101605,A,nan,nan,nan,nan
101606,A,nan,nan,nan,nan
101607,A,nan,nan,nan,nan
101608,A,nan,nan,nan,nan
101609,A,nan,nan,nan,nan
101610,A,nan,nan,nan,nan
101611,A,nan,nan,nan,nan
101612,A,nan,nan,nan,nan
101613,A,nan,nan,nan,nan
101614,A,nan,nan,nan,nan
101615,A,nan,nan,nan,nan
101616,A,nan,nan,nan,nan
101617,A,nan,nan,nan,nan
101618,A,nan,nan,nan,nan
101619,A,nan,nan,nan,nan
101620,A,nan,nan,nan,nan
101621,A,nan,nan,nan,nan
101622,A,nan,nan,nan,nan
101623,A,nan,nan,nan,nan
101624,A,nan,nan,nan,nan
101625,A,nan,nan,nan,nan
101626,A,nan,nan,nan,nan
101627,A,nan,nan,nan,nan
101628,A,nan,nan,nan,nan
101629,A,nan,nan,nan,nan
101630,A,nan,nan,nan,nan
101631,A,nan,nan,nan,nan
101632,A,nan,nan,nan,nan
101633,A,nan,nan,nan,nan
101634,A,nan,nan,nan,nan
101635,A,nan,nan,nan,nan
101636,A,nan,nan,nan,nan
101637,A,nan,nan,nan,nan
101638,A,nan,nan,nan,nan
101639,A,nan,nan,nan,nan
101640,A,nan,nan,nan,nan
101641,A,nan,nan,nan,nan
101642,A,nan,nan,nan,nan
101643,A,nan,nan,nan,nan
101644,A,nan,nan,nan,nan
101645,A,nan,nan,nan,nan
101646,A,nan,nan,nan,nan
101647,A,nan,nan,nan,nan
101648,A,nan,nan,nan,nan
101649,A,nan,nan,nan,nan
101650,A,nan,nan,nan,nan
101651,A,nan,nan,nan,nan
101652,A,nan,nan,nan,nan
101653,A,nan,nan,nan,nan
101654,A,nan,nan,nan,nan
101655,A,nan,nan,nan,nan
101656,A,nan,nan,nan,nan
101657,A,nan,nan,nan,nan
101658,A,nan,nan,nan,nan
101659,A,nan,nan,nan,nan
101660,A,nan,nan,nan,nan
101661,A,nan,nan,nan,nan
101662,A,nan,nan,nan,nan
101663,A,nan,nan,nan,nan
101664,A,nan,nan,nan,nan
101665,A,nan,nan,nan,nan
101666,A,nan,nan,nan,nan
101667,A,nan,nan,nan,nan
101668,A,nan,nan,nan,nan
101669,A,nan,nan,nan,nan
101670,A,nan,nan,nan,nan
101671,A,nan,nan,nan,nan
101672,A,nan,nan,nan,nan
101673,A,nan,nan,nan,nan
101674,A,nan,nan,nan,nan
101675,A,nan,nan,nan,nan
101676,A,nan,nan,nan,nan
101677,A,nan,nan,nan,nan
101678,A,nan,nan,nan,nan
101679,A,nan,nan,nan,nan
101680,A,nan,nan,nan,nan
101681,A,nan,nan,nan,nan
101682,A,nan,nan,nan,nan
101683,A,nan,nan,nan,nan
101684,A,nan,nan,nan,nan
101685,A,nan,nan,nan,nan
101686,A,nan,nan,nan,nan
101687,A,nan,nan,nan,nan
101688,A,nan,nan,nan,nan
101689,A,nan,nan,nan,nan
101690,A,nan,nan,nan,nan
101691,A,nan,nan,nan,nan
101692,A,nan,nan,nan,nan
101693,A,nan,nan,nan,nan
101694,A,nan,nan,nan,nan
101695,A,nan,nan,nan,nan
101696,A,nan,nan,nan,nan
101697,A,nan,nan,nan,nan
101698,A,nan,nan,nan,nan
101699,A,nan,nan,nan,nan
101700,A,nan,nan,nan,nan
101701,A,nan,nan,nan,nan
101702,A,nan,nan,nan,nan
101703,A,nan,nan,nan,nan
101704,A,nan,nan,nan,nan
101705,A,nan,nan,nan,nan
101706,A,nan,nan,nan,nan
101707,A,nan,nan,nan,nan
101708,A,nan,nan,nan,nan
101709,A,nan,nan,nan,nan
101710,A,nan,nan,nan,nan
101711,A,nan,nan,nan,nan
101712,A,nan,nan,nan,nan
101713,A,nan,nan,nan,nan
101714,A,nan,nan,nan,nan
101715,A,nan,nan,nan,nan
101716,A,nan,nan,nan,nan
101717,A,nan,nan,nan,nan
101718,A,nan,nan,nan,nan
101719,A,nan,nan,nan,nan
101720,A,nan,nan,nan,nan
101721,A,nan,nan,nan,nan
101722,A,nan,nan,nan,nan
101723,A,nan,nan,nan,nan
101724,A,nan,nan,nan,nan
101725,A,nan,nan,nan,nan
101726,A,nan,nan,nan,nan
101727,A,nan,nan,nan,nan
101728,A,nan,nan,nan,nan
101729,A,nan,nan,nan,nan
101730,A,nan,nan,nan,nan
101731,A,nan,nan,nan,nan
101732,A,nan,nan,nan,nan
101733,A,nan,nan,nan,nan
101734,A,nan,nan,nan,nan
101735,A,nan,nan,nan,nan
101736,A,nan,nan,nan,nan
101737,A,nan,nan,nan,nan
101738,A,nan,nan,nan,nan
101739,A,nan,nan,nan,nan
101740,A,nan,nan,nan,nan
101741,A,nan,nan,nan,nan
101742,A,nan,nan,nan,nan
101743,A,nan,nan,nan,nan
101744,A,nan,nan,nan,nan
101745,A,nan,nan,nan,nan
101746,A,nan,nan,nan,nan
101747,A,nan,nan,nan,nan
101748,A,nan,nan,nan,nan
101749,A,nan,nan,nan,nan
101750,A,nan,nan,nan,nan
101751,A,nan,nan,nan,nan
101752,A,nan,nan,nan,nan
101753,A,nan,nan,nan,nan
101754,A,nan,nan,nan,nan
101755,A,nan,nan,nan,nan
101756,A,nan,nan,nan,nan
101757,A,nan,nan,nan,nan
101758,A,nan,nan,nan,nan
101759,A,nan,nan,nan,nan
101760,A,nan,nan,nan,nan
101761,A,nan,nan,nan,nan
101762,A,nan,nan,nan,nan
101763,A,nan,nan,nan,nan
101764,A,nan,nan,nan,nan
101765,A,nan,nan,nan,nan
101766,A,nan,nan,nan,nan
101767,A,nan,nan,nan,nan
101768,A,nan,nan,nan,nan
101769,A,nan,nan,nan,nan
101770,A,nan,nan,nan,nan
101771,A,nan,nan,nan,nan
101772,A,nan,nan,nan,nan
101773,A,nan,nan,nan,nan
101774,A,nan,nan,nan,nan
101775,A,nan,nan,nan,nan
101776,A,nan,nan,nan,nan
101777,A,nan,nan,nan,nan
101778,A,nan,nan,nan,nan
101779,A,nan,nan,nan,nan
101780,A,nan,nan,nan,nan
101781,A,nan,nan,nan,nan
101782,A,nan,nan,nan,nan
101783,A,nan,nan,nan,nan
101784,A,nan,nan,nan,nan
101785,A,nan,nan,nan,nan
101786,A,nan,nan,nan,nan
101787,A,nan,nan,nan,nan
101788,A,nan,nan,nan,nan
101789,A,nan,nan,nan,nan
101790,A,nan,nan,nan,nan
101791,A,nan,nan,nan,nan
101792,A,nan,nan,nan,nan
101793,A,nan,nan,nan,nan
101794,A,nan,nan,nan,nan
101795,A,nan,nan,nan,nan
101796,A,nan,nan,nan,nan
101797,A,nan,nan,nan,nan
101798,A,nan,nan,nan,nan
101799,A,nan,nan,nan,nan
101800,A,nan,nan,nan,nan
101801,A,nan,nan,nan,nan
101802,A,nan,nan,nan,nan
101803,A,nan,nan,nan,nan
101804,A,nan,nan,nan,nan
101805,A,nan,nan,nan,nan
101806,A,nan,nan,nan,nan
101807,A,nan,nan,nan,nan
101808,A,nan,nan,nan,nan
101809,A,nan,nan,nan,nan
101810,A,nan,nan,nan,nan
101811,A,nan,nan,nan,nan
101812,A,nan,nan,nan,nan
101813,A,nan,nan,nan,nan
101814,A,nan,nan,nan,nan
101815,A,nan,nan,nan,nan
101816,A,nan,nan,nan,nan
101817,A,nan,nan,nan,nan
101818,A,nan,nan,nan,nan
101819,A,nan,nan,nan,nan
101820,A,nan,nan,nan,nan
101821,A,nan,nan,nan,nan
101822,A,nan,nan,nan,nan
101823,A,nan,nan,nan,nan
101824,A,nan,nan,nan,nan
101825,A,nan,nan,nan,nan
101826,A,nan,nan,nan,nan
101827,A,nan,nan,nan,nan
101828,A,nan,nan,nan,nan
101829,A,nan,nan,nan,nan
101830,A,nan,nan,nan,nan
101831,A,nan,nan,nan,nan
101832,A,nan,nan,nan,nan
101833,A,nan,nan,nan,nan
101834,A,nan,nan,nan,nan
101835,A,nan,nan,nan,nan
101836,A,nan,nan,nan,nan
101837,A,nan,nan,nan,nan
101838,A,nan,nan,nan,nan
101839,A,nan,nan,nan,nan
101840,A,nan,nan,nan,nan
101841,A,nan,nan,nan,nan
101842,A,nan,nan,nan,nan
101843,A,nan,nan,nan,nan
101844,A,nan,nan,nan,nan
101845,A,nan,nan,nan,nan
101846,A,nan,nan,nan,nan
101847,A,nan,nan,nan,nan
101848,A,nan,nan,nan,nan
101849,A,nan,nan,nan,nan
101850,A,nan,nan,nan,nan
101851,A,nan,nan,nan,nan
101852,A,nan,nan,nan,nan
101853,A,nan,nan,nan,nan
101854,A,nan,nan,nan,nan
101855,A,nan,nan,nan,nan
101856,A,nan,nan,nan,nan
101857,A,nan,nan,nan,nan
101858,A,nan,nan,nan,nan
101859,A,nan,nan,nan,nan
101860,A,nan,nan,nan,nan
101861,A,nan,nan,nan,nan
101862,A,nan,nan,nan,nan
101863,A,nan,nan,nan,nan
101864,A,nan,nan,nan,nan
101865,A,nan,nan,nan,nan
101866,A,nan,nan,nan,nan
101867,A,nan,nan,nan,nan
101868,A,nan,nan,nan,nan
101869,A,nan,nan,nan,nan
101870,A,nan,nan,nan,nan
101871,A,nan,nan,nan,nan
101872,A,nan,nan,nan,nan
101873,A,nan,nan,nan,nan
101874,A,nan,nan,nan,nan
101875,A,nan,nan,nan,nan
101876,A,nan,nan,nan,nan
101877,A,nan,nan,nan,nan
101878,A,nan,nan,nan,nan
101879,A,nan,nan,nan,nan
101880,A,nan,nan,nan,nan
101881,A,nan,nan,nan,nan
101882,A,nan,nan,nan,nan
101883,A,nan,nan,nan,nan
101884,A,nan,nan,nan,nan
101885,A,nan,nan,nan,nan
101886,A,nan,nan,nan,nan
101887,A,nan,nan,nan,nan
101888,A,nan,nan,nan,nan
101889,A,nan,nan,nan,nan
101890,A,nan,nan,nan,nan
101891,A,nan,nan,nan,nan
101892,A,nan,nan,nan,nan
101893,A,nan,nan,nan,nan
101894,A,nan,nan,nan,nan
101895,A,nan,nan,nan,nan
101896,A,nan,nan,nan,nan
101897,A,nan,nan,nan,nan
101898,A,nan,nan,nan,nan
101899,A,nan,nan,nan,nan
101900,A,nan,nan,nan,nan
101901,A,nan,nan,nan,nan
101902,A,nan,nan,nan,nan
101903,A,nan,nan,nan,nan
101904,A,nan,nan,nan,nan
101905,A,nan,nan,nan,nan
101906,A,nan,nan,nan,nan
101907,A,nan,nan,nan,nan
101908,A,nan,nan,nan,nan
101909,A,nan,nan,nan,nan
101910,A,nan,nan,nan,nan
101911,A,nan,nan,nan,nan
101912,A,nan,nan,nan,nan
101913,A,nan,nan,nan,nan
101914,A,nan,nan,nan,nan
101915,A,nan,nan,nan,nan
101916,A,nan,nan,nan,nan
101917,A,nan,nan,nan,nan
101918,A,nan,nan,nan,nan
101919,A,nan,nan,nan,nan
101920,A,nan,nan,nan,nan
101921,A,nan,nan,nan,nan
101922,A,nan,nan,nan,nan
101923,A,nan,nan,nan,nan
101924,A,nan,nan,nan,nan
101925,A,nan,nan,nan,nan
101926,A,nan,nan,nan,nan
101927,A,nan,nan,nan,nan
101928,A,nan,nan,nan,nan
101929,A,nan,nan,nan,nan
101930,A,nan,nan,nan,nan
101931,A,nan,nan,nan,nan
101932,A,nan,nan,nan,nan
101933,A,nan,nan,nan,nan
101934,A,nan,nan,nan,nan
101935,A,nan,nan,nan,nan
101936,A,nan,nan,nan,nan
101937,A,nan,nan,nan,nan
101938,A,nan,nan,nan,nan
101939,A,nan,nan,nan,nan
101940,A,nan,nan,nan,nan
101941,A,nan,nan,nan,nan
101942,A,nan,nan,nan,nan
101943,A,nan,nan,nan,nan
101944,A,nan,nan,nan,nan
101945,A,nan,nan,nan,nan
101946,A,nan,nan,nan,nan
101947,A,nan,nan,nan,nan
101948,A,nan,nan,nan,nan
101949,A,nan,nan,nan,nan
101950,A,nan,nan,nan,nan
101951,A,nan,nan,nan,nan
101952,A,nan,nan,nan,nan
101953,A,nan,nan,nan,nan
101954,A,nan,nan,nan,nan
101955,A,nan,nan,nan,nan
101956,A,nan,nan,nan,nan
101957,A,nan,nan,nan,nan
101958,A,nan,nan,nan,nan
101959,A,nan,nan,nan,nan
101960,A,nan,nan,nan,nan
101961,A,nan,nan,nan,nan
101962,A,nan,nan,nan,nan
101963,A,nan,nan,nan,nan
101964,A,nan,nan,nan,nan
101965,A,nan,nan,nan,nan
101966,A,nan,nan,nan,nan
101967,A,nan,nan,nan,nan
101968,A,nan,nan,nan,nan
101969,A,nan,nan,nan,nan
101970,A,nan,nan,nan,nan
101971,A,nan,nan,nan,nan
101972,A,nan,nan,nan,nan
101973,A,nan,nan,nan,nan
101974,A,nan,nan,nan,nan
101975,A,nan,nan,nan,nan
101976,A,nan,nan,nan,nan
101977,A,nan,nan,nan,nan
101978,A,nan,nan,nan,nan
101979,A,nan,nan,nan,nan
101980,A,nan,nan,nan,nan
101981,A,nan,nan,nan,nan
101982,A,nan,nan,nan,nan
101983,A,nan,nan,nan,nan
101984,A,nan,nan,nan,nan
101985,A,nan,nan,nan,nan
101986,A,nan,nan,nan,nan
101987,A,nan,nan,nan,nan
101988,A,nan,nan,nan,nan
101989,A,nan,nan,nan,nan
101990,A,nan,nan,nan,nan
101991,A,nan,nan,nan,nan
101992,A,nan,nan,nan,nan
101993,A,nan,nan,nan,nan
101994,A,nan,nan,nan,nan
101995,A,nan,nan,nan,nan
101996,A,nan,nan,nan,nan
101997,A,nan,nan,nan,nan
101998,A,nan,nan,nan,nan
101999,A,nan,nan,nan,nan
102000,A,nan,nan,nan,nan
102001,A,nan,nan,nan,nan
102002,A,nan,nan,nan,nan
102003,A,nan,nan,nan,nan
102004,A,nan,nan,nan,nan
102005,A,nan,nan,nan,nan
102006,A,nan,nan,nan,nan
102007,A,nan,nan,nan,nan
102008,A,nan,nan,nan,nan
102009,A,nan,nan,nan,nan
102010,A,nan,nan,nan,nan
102011,A,nan,nan,nan,nan
102012,A,nan,nan,nan,nan
102013,A,nan,nan,nan,nan
102014,A,nan,nan,nan,nan
102015,A,nan,nan,nan,nan
102016,A,nan,nan,nan,nan
102017,A,nan,nan,nan,nan
102018,A,nan,nan,nan,nan
102019,A,nan,nan,nan,nan
102020,A,nan,nan,nan,nan
102021,A,nan,nan,nan,nan
102022,A,nan,nan,nan,nan
102023,A,nan,nan,nan,nan
102024,A,nan,nan,nan,nan
102025,A,nan,nan,nan,nan
102026,A,nan,nan,nan,nan
102027,A,nan,nan,nan,nan
102028,A,nan,nan,nan,nan
102029,A,nan,nan,nan,nan
102030,A,nan,nan,nan,nan
102031,A,nan,nan,nan,nan
102032,A,nan,nan,nan,nan
102033,A,nan,nan,nan,nan
102034,A,nan,nan,nan,nan
102035,A,nan,nan,nan,nan
102036,A,nan,nan,nan,nan
102037,A,nan,nan,nan,nan
102038,A,nan,nan,nan,nan
102039,A,nan,nan,nan,nan
102040,A,nan,nan,nan,nan
102041,A,nan,nan,nan,nan
102042,A,nan,nan,nan,nan
102043,A,nan,nan,nan,nan
102044,A,nan,nan,nan,nan
102045,A,nan,nan,nan,nan
102046,A,nan,nan,nan,nan
102047,A,nan,nan,nan,nan
102048,A,nan,nan,nan,nan
102049,A,nan,nan,nan,nan
102050,A,nan,nan,nan,nan
102051,A,nan,nan,nan,nan
102052,A,nan,nan,nan,nan
102053,A,nan,nan,nan,nan
102054,A,nan,nan,nan,nan
102055,A,nan,nan,nan,nan
102056,A,nan,nan,nan,nan
102057,A,nan,nan,nan,nan
102058,A,nan,nan,nan,nan
102059,A,nan,nan,nan,nan
102060,A,nan,nan,nan,nan
102061,A,nan,nan,nan,nan
102062,A,nan,nan,nan,nan
102063,A,nan,nan,nan,nan
102064,A,nan,nan,nan,nan
102065,A,nan,nan,nan,nan
102066,A,nan,nan,nan,nan
102067,A,nan,nan,nan,nan
102068,A,nan,nan,nan,nan
102069,A,nan,nan,nan,nan
102070,A,nan,nan,nan,nan
102071,A,nan,nan,nan,nan
102072,A,nan,nan,nan,nan
102073,A,nan,nan,nan,nan
102074,A,nan,nan,nan,nan
102075,A,nan,nan,nan,nan
102076,A,nan,nan,nan,nan
102077,A,nan,nan,nan,nan
102078,A,nan,nan,nan,nan
102079,A,nan,nan,nan,nan
102080,A,nan,nan,nan,nan
102081,A,nan,nan,nan,nan
102082,A,nan,nan,nan,nan
102083,A,nan,nan,nan,nan
102084,A,nan,nan,nan,nan
102085,A,nan,nan,nan,nan
102086,A,nan,nan,nan,nan
102087,A,nan,nan,nan,nan
102088,A,nan,nan,nan,nan
102089,A,nan,nan,nan,nan
102090,A,nan,nan,nan,nan
102091,A,nan,nan,nan,nan
102092,A,nan,nan,nan,nan
102093,A,nan,nan,nan,nan
102094,A,nan,nan,nan,nan
102095,A,nan,nan,nan,nan
102096,A,nan,nan,nan,nan
102097,A,nan,nan,nan,nan
102098,A,nan,nan,nan,nan
102099,A,nan,nan,nan,nan
102100,A,nan,nan,nan,nan
102101,A,nan,nan,nan,nan
102102,A,nan,nan,nan,nan
102103,A,nan,nan,nan,nan
102104,A,nan,nan,nan,nan
102105,A,nan,nan,nan,nan
102106,A,nan,nan,nan,nan
102107,A,nan,nan,nan,nan
102108,A,nan,nan,nan,nan
102109,A,nan,nan,nan,nan
102110,A,nan,nan,nan,nan
102111,A,nan,nan,nan,nan
102112,A,nan,nan,nan,nan
102113,A,nan,nan,nan,nan
102114,A,nan,nan,nan,nan
102115,A,nan,nan,nan,nan
102116,A,nan,nan,nan,nan
102117,A,nan,nan,nan,nan
102118,A,nan,nan,nan,nan
102119,A,nan,nan,nan,nan
102120,A,nan,nan,nan,nan
102121,A,nan,nan,nan,nan
102122,A,nan,nan,nan,nan
102123,A,nan,nan,nan,nan
102124,A,nan,nan,nan,nan
102125,A,nan,nan,nan,nan
102126,A,nan,nan,nan,nan
102127,A,nan,nan,nan,nan
102128,A,nan,nan,nan,nan
102129,A,nan,nan,nan,nan
102130,A,nan,nan,nan,nan
102131,A,nan,nan,nan,nan
102132,A,nan,nan,nan,nan
102133,A,nan,nan,nan,nan
102134,A,nan,nan,nan,nan
102135,A,nan,nan,nan,nan
102136,A,nan,nan,nan,nan
102137,A,nan,nan,nan,nan
102138,A,nan,nan,nan,nan
102139,A,nan,nan,nan,nan
102140,A,nan,nan,nan,nan
102141,A,nan,nan,nan,nan
102142,A,nan,nan,nan,nan
102143,A,nan,nan,nan,nan
102144,A,nan,nan,nan,nan
102145,A,nan,nan,nan,nan
102146,A,nan,nan,nan,nan
102147,A,nan,nan,nan,nan
102148,A,nan,nan,nan,nan
102149,A,nan,nan,nan,nan
102150,A,nan,nan,nan,nan
102151,A,nan,nan,nan,nan
102152,A,nan,nan,nan,nan
102153,A,nan,nan,nan,nan
102154,A,nan,nan,nan,nan
102155,A,nan,nan,nan,nan
102156,A,nan,nan,nan,nan
102157,A,nan,nan,nan,nan
102158,A,nan,nan,nan,nan
102159,A,nan,nan,nan,nan
102160,A,nan,nan,nan,nan
102161,A,nan,nan,nan,nan
102162,A,nan,nan,nan,nan
102163,A,nan,nan,nan,nan
102164,A,nan,nan,nan,nan
102165,A,nan,nan,nan,nan
102166,A,nan,nan,nan,nan
102167,A,nan,nan,nan,nan
102168,A,nan,nan,nan,nan
102169,A,nan,nan,nan,nan
102170,A,nan,nan,nan,nan
102171,A,nan,nan,nan,nan
102172,A,nan,nan,nan,nan
102173,A,nan,nan,nan,nan
102174,A,nan,nan,nan,nan
102175,A,nan,nan,nan,nan
102176,A,nan,nan,nan,nan
102177,A,nan,nan,nan,nan
102178,A,nan,nan,nan,nan
102179,A,nan,nan,nan,nan
102180,A,nan,nan,nan,nan
102181,A,nan,nan,nan,nan
102182,A,nan,nan,nan,nan
102183,A,nan,nan,nan,nan
102184,A,nan,nan,nan,nan
102185,A,nan,nan,nan,nan
102186,A,nan,nan,nan,nan
102187,A,nan,nan,nan,nan
102188,A,nan,nan,nan,nan
102189,A,nan,nan,nan,nan
102190,A,nan,nan,nan,nan
102191,A,nan,nan,nan,nan
102192,A,nan,nan,nan,nan
102193,A,nan,nan,nan,nan
102194,A,nan,nan,nan,nan
102195,A,nan,nan,nan,nan
102196,A,nan,nan,nan,nan
102197,A,nan,nan,nan,nan
102198,A,nan,nan,nan,nan
102199,A,nan,nan,nan,nan
102200,A,nan,nan,nan,nan
102201,A,nan,nan,nan,nan
102202,A,nan,nan,nan,nan
102203,A,nan,nan,nan,nan
102204,A,nan,nan,nan,nan
102205,A,nan,nan,nan,nan
102206,A,nan,nan,nan,nan
102207,A,nan,nan,nan,nan
102208,A,nan,nan,nan,nan
102209,A,nan,nan,nan,nan
102210,A,nan,nan,nan,nan
102211,A,nan,nan,nan,nan
102212,A,nan,nan,nan,nan
102213,A,nan,nan,nan,nan
102214,A,nan,nan,nan,nan
102215,A,nan,nan,nan,nan
102216,A,nan,nan,nan,nan
102217,A,nan,nan,nan,nan
102218,A,nan,nan,nan,nan
102219,A,nan,nan,nan,nan
102220,A,nan,nan,nan,nan
102221,A,nan,nan,nan,nan
102222,A,nan,nan,nan,nan
102223,A,nan,nan,nan,nan
102224,A,nan,nan,nan,nan
102225,A,nan,nan,nan,nan
102226,A,nan,nan,nan,nan
102227,A,nan,nan,nan,nan
102228,A,nan,nan,nan,nan
102229,A,nan,nan,nan,nan
102230,A,nan,nan,nan,nan
102231,A,nan,nan,nan,nan
102232,A,nan,nan,nan,nan
102233,A,nan,nan,nan,nan
102234,A,nan,nan,nan,nan
102235,A,nan,nan,nan,nan
102236,A,nan,nan,nan,nan
102237,A,nan,nan,nan,nan
102238,A,nan,nan,nan,nan
102239,A,nan,nan,nan,nan
102240,A,nan,nan,nan,nan
102241,A,nan,nan,nan,nan
102242,A,nan,nan,nan,nan
102243,A,nan,nan,nan,nan
102244,A,nan,nan,nan,nan
102245,A,nan,nan,nan,nan
102246,A,nan,nan,nan,nan
102247,A,nan,nan,nan,nan
102248,A,nan,nan,nan,nan
102249,A,nan,nan,nan,nan
102250,A,nan,nan,nan,nan
102251,A,nan,nan,nan,nan
102252,A,nan,nan,nan,nan
102253,A,nan,nan,nan,nan
102254,A,nan,nan,nan,nan
102255,A,nan,nan,nan,nan
102256,A,nan,nan,nan,nan
102257,A,nan,nan,nan,nan
102258,A,nan,nan,nan,nan
102259,A,nan,nan,nan,nan
102260,A,nan,nan,nan,nan
102261,A,nan,nan,nan,nan
102262,A,nan,nan,nan,nan
102263,A,nan,nan,nan,nan
102264,A,nan,nan,nan,nan
102265,A,nan,nan,nan,nan
102266,A,nan,nan,nan,nan
102267,A,nan,nan,nan,nan
102268,A,nan,nan,nan,nan
102269,A,nan,nan,nan,nan
102270,A,nan,nan,nan,nan
102271,A,nan,nan,nan,nan
102272,A,nan,nan,nan,nan
102273,A,nan,nan,nan,nan
102274,A,nan,nan,nan,nan
102275,A,nan,nan,nan,nan
102276,A,nan,nan,nan,nan
102277,A,nan,nan,nan,nan
102278,A,nan,nan,nan,nan
102279,A,nan,nan,nan,nan
102280,A,nan,nan,nan,nan
102281,A,nan,nan,nan,nan
102282,A,nan,nan,nan,nan
102283,A,nan,nan,nan,nan
102284,A,nan,nan,nan,nan
102285,A,nan,nan,nan,nan
102286,A,nan,nan,nan,nan
102287,A,nan,nan,nan,nan
102288,A,nan,nan,nan,nan
102289,A,nan,nan,nan,nan
102290,A,nan,nan,nan,nan
102291,A,nan,nan,nan,nan
102292,A,nan,nan,nan,nan
102293,A,nan,nan,nan,nan
102294,A,nan,nan,nan,nan
102295,A,nan,nan,nan,nan
102296,A,nan,nan,nan,nan
102297,A,nan,nan,nan,nan
102298,A,nan,nan,nan,nan
102299,A,nan,nan,nan,nan
102300,A,nan,nan,nan,nan
102301,A,nan,nan,nan,nan
102302,A,nan,nan,nan,nan
102303,A,nan,nan,nan,nan
102304,A,nan,nan,nan,nan
102305,A,nan,nan,nan,nan
102306,A,nan,nan,nan,nan
102307,A,nan,nan,nan,nan
102308,A,nan,nan,nan,nan
102309,A,nan,nan,nan,nan
102310,A,nan,nan,nan,nan
102311,A,nan,nan,nan,nan
102312,A,nan,nan,nan,nan
102313,A,nan,nan,nan,nan
102314,A,nan,nan,nan,nan
102315,A,nan,nan,nan,nan
102316,A,nan,nan,nan,nan
102317,A,nan,nan,nan,nan
102318,A,nan,nan,nan,nan
102319,A,nan,nan,nan,nan
102320,A,nan,nan,nan,nan
102321,A,nan,nan,nan,nan
102322,A,nan,nan,nan,nan
102323,A,nan,nan,nan,nan
102324,A,nan,nan,nan,nan
102325,A,nan,nan,nan,nan
102326,A,nan,nan,nan,nan
102327,A,nan,nan,nan,nan
102328,A,nan,nan,nan,nan
102329,A,nan,nan,nan,nan
102330,A,nan,nan,nan,nan
102331,A,nan,nan,nan,nan
102332,A,nan,nan,nan,nan
102333,A,nan,nan,nan,nan
102334,A,nan,nan,nan,nan
102335,A,nan,nan,nan,nan
102336,A,nan,nan,nan,nan
102337,A,nan,nan,nan,nan
102338,A,nan,nan,nan,nan
102339,A,nan,nan,nan,nan
102340,A,nan,nan,nan,nan
102341,A,nan,nan,nan,nan
102342,A,nan,nan,nan,nan
102343,A,nan,nan,nan,nan
102344,A,nan,nan,nan,nan
102345,A,nan,nan,nan,nan
102346,A,nan,nan,nan,nan
102347,A,nan,nan,nan,nan
102348,A,nan,nan,nan,nan
102349,A,nan,nan,nan,nan
102350,A,nan,nan,nan,nan
102351,A,nan,nan,nan,nan
102352,A,nan,nan,nan,nan
102353,A,nan,nan,nan,nan
102354,A,nan,nan,nan,nan
102355,A,nan,nan,nan,nan
102356,A,nan,nan,nan,nan
102357,A,nan,nan,nan,nan
102358,A,nan,nan,nan,nan
102359,A,nan,nan,nan,nan
102360,A,nan,nan,nan,nan
102361,A,nan,nan,nan,nan
102362,A,nan,nan,nan,nan
102363,A,nan,nan,nan,nan
102364,A,nan,nan,nan,nan
102365,A,nan,nan,nan,nan
102366,A,nan,nan,nan,nan
102367,A,nan,nan,nan,nan
102368,A,nan,nan,nan,nan
102369,A,nan,nan,nan,nan
102370,A,nan,nan,nan,nan
102371,A,nan,nan,nan,nan
102372,A,nan,nan,nan,nan
102373,A,nan,nan,nan,nan
102374,A,nan,nan,nan,nan
102375,A,nan,nan,nan,nan
102376,A,nan,nan,nan,nan
102377,A,nan,nan,nan,nan
102378,A,nan,nan,nan,nan
102379,A,nan,nan,nan,nan
102380,A,nan,nan,nan,nan
102381,A,nan,nan,nan,nan
102382,A,nan,nan,nan,nan
102383,A,nan,nan,nan,nan
102384,A,nan,nan,nan,nan
102385,A,nan,nan,nan,nan
102386,A,nan,nan,nan,nan
102387,A,nan,nan,nan,nan
102388,A,nan,nan,nan,nan
102389,A,nan,nan,nan,nan
102390,A,nan,nan,nan,nan
102391,A,nan,nan,nan,nan
102392,A,nan,nan,nan,nan
102393,A,nan,nan,nan,nan
102394,A,nan,nan,nan,nan
102395,A,nan,nan,nan,nan
102396,A,nan,nan,nan,nan
102397,A,nan,nan,nan,nan
102398,A,nan,nan,nan,nan
102399,A,nan,nan,nan,nan
102400,A,nan,nan,nan,nan
102401,A,nan,nan,nan,nan
102402,A,nan,nan,nan,nan
102403,A,nan,nan,nan,nan
102404,A,nan,nan,nan,nan
102405,A,nan,nan,nan,nan
102406,A,nan,nan,nan,nan
102407,A,nan,nan,nan,nan
102408,A,nan,nan,nan,nan
102409,A,nan,nan,nan,nan
102410,A,nan,nan,nan,nan
102411,A,nan,nan,nan,nan
102412,A,nan,nan,nan,nan
102413,A,nan,nan,nan,nan
102414,A,nan,nan,nan,nan
102415,A,nan,nan,nan,nan
102416,A,nan,nan,nan,nan
102417,A,nan,nan,nan,nan
102418,A,nan,nan,nan,nan
102419,A,nan,nan,nan,nan
102420,A,nan,nan,nan,nan
102421,A,nan,nan,nan,nan
102422,A,nan,nan,nan,nan
102423,A,nan,nan,nan,nan
102424,A,nan,nan,nan,nan
102425,A,nan,nan,nan,nan
102426,A,nan,nan,nan,nan
102427,A,nan,nan,nan,nan
102428,A,nan,nan,nan,nan
102429,A,nan,nan,nan,nan
102430,A,nan,nan,nan,nan
102431,A,nan,nan,nan,nan
102432,A,nan,nan,nan,nan
102433,A,nan,nan,nan,nan
102434,A,nan,nan,nan,nan
102435,A,nan,nan,nan,nan
102436,A,nan,nan,nan,nan
102437,A,nan,nan,nan,nan
102438,A,nan,nan,nan,nan
102439,A,nan,nan,nan,nan
102440,A,nan,nan,nan,nan
102441,A,nan,nan,nan,nan
102442,A,nan,nan,nan,nan
102443,A,nan,nan,nan,nan
102444,A,nan,nan,nan,nan
102445,A,nan,nan,nan,nan
102446,A,nan,nan,nan,nan
102447,A,nan,nan,nan,nan
102448,A,nan,nan,nan,nan
102449,A,nan,nan,nan,nan
102450,A,nan,nan,nan,nan
102451,A,nan,nan,nan,nan
102452,A,nan,nan,nan,nan
102453,A,nan,nan,nan,nan
102454,A,nan,nan,nan,nan
102455,A,nan,nan,nan,nan
102456,A,nan,nan,nan,nan
102457,A,nan,nan,nan,nan
102458,A,nan,nan,nan,nan
102459,A,nan,nan,nan,nan
102460,A,nan,nan,nan,nan
102461,A,nan,nan,nan,nan
102462,A,nan,nan,nan,nan
102463,A,nan,nan,nan,nan
102464,A,nan,nan,nan,nan
102465,A,nan,nan,nan,nan
102466,A,nan,nan,nan,nan
102467,A,nan,nan,nan,nan
102468,A,nan,nan,nan,nan
102469,A,nan,nan,nan,nan
102470,A,nan,nan,nan,nan
102471,A,nan,nan,nan,nan
102472,A,nan,nan,nan,nan
102473,A,nan,nan,nan,nan
102474,A,nan,nan,nan,nan
102475,A,nan,nan,nan,nan
102476,A,nan,nan,nan,nan
102477,A,nan,nan,nan,nan
102478,A,nan,nan,nan,nan
102479,A,nan,nan,nan,nan
102480,A,nan,nan,nan,nan
102481,A,nan,nan,nan,nan
102482,A,nan,nan,nan,nan
102483,A,nan,nan,nan,nan
102484,A,nan,nan,nan,nan
102485,A,nan,nan,nan,nan
102486,A,nan,nan,nan,nan
102487,A,nan,nan,nan,nan
102488,A,nan,nan,nan,nan
102489,A,nan,nan,nan,nan
102490,A,nan,nan,nan,nan
102491,A,nan,nan,nan,nan
102492,A,nan,nan,nan,nan
102493,A,nan,nan,nan,nan
102494,A,nan,nan,nan,nan
102495,A,nan,nan,nan,nan
102496,A,nan,nan,nan,nan
102497,A,nan,nan,nan,nan
102498,A,nan,nan,nan,nan
102499,A,nan,nan,nan,nan
102500,A,nan,nan,nan,nan
